,date,precipitation,temp_max,temp_min,wind,weather,month,year
0,2012-01-01,0.0,12.8,5.0,4.7,drizzle,January,2012
1,2012-01-02,10.9,10.6,2.8,4.5,rain,January,2012
2,2012-01-03,0.8,11.7,7.2,2.3,rain,January,2012
3,2012-01-04,20.3,12.2,5.6,4.7,rain,January,2012
4,2012-01-05,1.3,8.9,2.8,6.1,rain,January,2012
5,2012-01-06,2.5,4.4,2.2,2.2,rain,January,2012
6,2012-01-07,0.0,7.2,2.8,2.3,rain,January,2012
7,2012-01-08,0.0,10.0,2.8,2.0,sun,January,2012
8,2012-01-09,4.3,9.4,5.0,3.4,rain,January,2012
9,2012-01-10,1.0,6.1,0.6,3.4,rain,January,2012
10,2012-01-11,0.0,6.1,-1.1,5.1,sun,January,2012
11,2012-01-12,0.0,6.1,-1.7,1.9,sun,January,2012
12,2012-01-13,0.0,5.0,-2.8,1.3,sun,January,2012
13,2012-01-14,4.1,4.4,0.6,5.3,snow,January,2012
14,2012-01-15,5.3,1.1,-3.3,3.2,snow,January,2012
15,2012-01-16,2.5,1.7,-2.8,5.0,snow,January,2012
16,2012-01-17,8.1,3.3,0.0,5.6,snow,January,2012
17,2012-01-18,19.8,0.0,-2.8,5.0,snow,January,2012
18,2012-01-19,15.2,-1.1,-2.8,1.6,snow,January,2012
19,2012-01-20,13.5,7.2,-1.1,2.3,snow,January,2012
20,2012-01-21,3.0,8.3,3.3,8.2,rain,January,2012
21,2012-01-22,6.1,6.7,2.2,4.8,rain,January,2012
22,2012-01-23,0.0,8.3,1.1,3.6,rain,January,2012
23,2012-01-24,8.6,10.0,2.2,5.1,rain,January,2012
24,2012-01-25,8.1,8.9,4.4,5.4,rain,January,2012
25,2012-01-26,4.8,8.9,1.1,4.8,rain,January,2012
26,2012-01-27,0.0,6.7,-2.2,1.4,drizzle,January,2012
27,2012-01-28,0.0,6.7,0.6,2.2,rain,January,2012
28,2012-01-29,27.7,9.4,3.9,4.5,rain,January,2012
29,2012-01-30,3.6,8.3,6.1,5.1,rain,January,2012
30,2012-01-31,1.8,9.4,6.1,3.9,rain,January,2012
31,2012-02-01,13.5,8.9,3.3,2.7,rain,February,2012
32,2012-02-02,0.0,8.3,1.7,2.6,sun,February,2012
33,2012-02-03,0.0,14.4,2.2,5.3,sun,February,2012
34,2012-02-04,0.0,15.6,5.0,4.3,sun,February,2012
35,2012-02-05,0.0,13.9,1.7,2.9,sun,February,2012
36,2012-02-06,0.0,16.1,1.7,5.0,sun,February,2012
37,2012-02-07,0.3,15.6,7.8,5.3,rain,February,2012
38,2012-02-08,2.8,10.0,5.0,2.7,rain,February,2012
39,2012-02-09,2.5,11.1,7.8,2.4,rain,February,2012
40,2012-02-10,2.5,12.8,6.7,3.0,rain,February,2012
41,2012-02-11,0.8,8.9,5.6,3.4,rain,February,2012
42,2012-02-12,1.0,8.3,5.0,1.3,rain,February,2012
43,2012-02-13,11.4,7.2,4.4,1.4,rain,February,2012
44,2012-02-14,2.5,6.7,1.1,3.1,rain,February,2012
45,2012-02-15,0.0,7.2,0.6,1.8,drizzle,February,2012
46,2012-02-16,1.8,7.2,3.3,2.1,rain,February,2012
47,2012-02-17,17.3,10.0,4.4,3.4,rain,February,2012
48,2012-02-18,6.4,6.7,3.9,8.1,rain,February,2012
49,2012-02-19,0.0,6.7,2.2,4.7,sun,February,2012
50,2012-02-20,3.0,7.8,1.7,2.9,rain,February,2012
51,2012-02-21,0.8,10.0,7.8,7.5,rain,February,2012
52,2012-02-22,8.6,10.0,2.8,5.9,rain,February,2012
53,2012-02-23,0.0,8.3,2.8,3.9,sun,February,2012
54,2012-02-24,11.4,6.7,4.4,3.5,rain,February,2012
55,2012-02-25,0.0,7.2,2.8,6.4,rain,February,2012
56,2012-02-26,1.3,5.0,-1.1,3.4,snow,February,2012
57,2012-02-27,0.0,6.7,-2.2,3.0,sun,February,2012
58,2012-02-28,3.6,6.7,-0.6,4.2,snow,February,2012
59,2012-02-29,0.8,5.0,1.1,7.0,snow,February,2012
60,2012-03-01,0.0,6.1,1.1,3.1,sun,March,2012
61,2012-03-02,2.0,6.7,3.9,5.1,rain,March,2012
62,2012-03-03,0.0,12.2,6.7,7.0,sun,March,2012
63,2012-03-04,0.0,10.6,6.7,5.6,rain,March,2012
64,2012-03-05,6.9,7.8,1.1,6.2,rain,March,2012
65,2012-03-06,0.5,6.7,0.0,2.7,snow,March,2012
66,2012-03-07,0.0,8.9,-1.7,2.7,sun,March,2012
67,2012-03-08,0.0,15.6,0.6,2.5,sun,March,2012
68,2012-03-09,3.6,9.4,5.0,2.8,rain,March,2012
69,2012-03-10,10.4,7.2,6.1,3.4,rain,March,2012
70,2012-03-11,13.7,6.7,2.8,5.8,rain,March,2012
71,2012-03-12,19.3,8.3,0.6,6.2,snow,March,2012
72,2012-03-13,9.4,5.6,0.6,5.3,snow,March,2012
73,2012-03-14,8.6,7.8,1.1,4.7,rain,March,2012
74,2012-03-15,23.9,11.1,5.6,5.8,snow,March,2012
75,2012-03-16,8.4,8.9,3.9,5.1,rain,March,2012
76,2012-03-17,9.4,10.0,0.6,3.8,snow,March,2012
77,2012-03-18,3.6,5.0,-0.6,2.7,rain,March,2012
78,2012-03-19,2.0,7.2,-1.1,3.0,rain,March,2012
79,2012-03-20,3.6,7.8,2.2,6.4,rain,March,2012
80,2012-03-21,1.3,8.9,1.1,2.5,rain,March,2012
81,2012-03-22,4.1,10.0,1.7,2.1,rain,March,2012
82,2012-03-23,0.0,12.2,0.6,2.8,sun,March,2012
83,2012-03-24,0.0,15.0,3.3,5.2,sun,March,2012
84,2012-03-25,0.0,13.3,2.2,2.7,rain,March,2012
85,2012-03-26,0.0,12.8,6.1,4.3,drizzle,March,2012
86,2012-03-27,4.8,14.4,6.7,3.8,rain,March,2012
87,2012-03-28,1.3,10.6,7.2,5.9,rain,March,2012
88,2012-03-29,27.4,10.0,6.1,4.4,rain,March,2012
89,2012-03-30,5.6,9.4,5.0,4.7,rain,March,2012
90,2012-03-31,13.2,10.0,2.8,3.4,rain,March,2012
91,2012-04-01,1.5,8.9,4.4,6.8,rain,April,2012
92,2012-04-02,0.0,16.7,4.4,3.1,sun,April,2012
93,2012-04-03,1.5,11.7,3.3,3.1,rain,April,2012
94,2012-04-04,0.0,10.6,2.8,2.1,sun,April,2012
95,2012-04-05,4.6,9.4,2.8,1.8,snow,April,2012
96,2012-04-06,0.3,11.1,3.3,2.6,rain,April,2012
97,2012-04-07,0.0,16.1,1.7,4.3,sun,April,2012
98,2012-04-08,0.0,21.1,7.2,4.1,sun,April,2012
99,2012-04-09,0.0,20.0,6.1,2.1,sun,April,2012
100,2012-04-10,0.0,17.8,8.9,3.2,rain,April,2012
101,2012-04-11,2.3,11.1,7.2,2.6,rain,April,2012
102,2012-04-12,0.5,13.9,5.6,2.6,rain,April,2012
103,2012-04-13,0.0,15.0,3.9,4.0,drizzle,April,2012
104,2012-04-14,0.0,15.6,3.3,3.0,sun,April,2012
105,2012-04-15,0.0,16.1,7.2,2.9,rain,April,2012
106,2012-04-16,8.1,13.3,6.7,5.8,rain,April,2012
107,2012-04-17,1.8,10.0,4.4,2.0,rain,April,2012
108,2012-04-18,1.8,13.3,7.2,3.9,rain,April,2012
109,2012-04-19,10.9,13.9,5.0,2.6,rain,April,2012
110,2012-04-20,6.6,13.3,6.7,2.7,rain,April,2012
111,2012-04-21,0.0,20.0,4.4,2.3,sun,April,2012
112,2012-04-22,0.0,23.3,8.3,2.6,rain,April,2012
113,2012-04-23,0.0,21.7,8.9,3.5,sun,April,2012
114,2012-04-24,4.3,13.9,10.0,2.8,rain,April,2012
115,2012-04-25,10.7,16.7,8.9,2.6,rain,April,2012
116,2012-04-26,3.8,13.9,6.7,5.2,rain,April,2012
117,2012-04-27,0.8,13.3,6.1,4.8,rain,April,2012
118,2012-04-28,0.0,16.1,8.3,2.5,drizzle,April,2012
119,2012-04-29,4.3,15.6,8.9,1.6,rain,April,2012
120,2012-04-30,4.3,12.8,7.2,8.0,rain,April,2012
121,2012-05-01,0.5,11.7,6.1,6.4,rain,May,2012
122,2012-05-02,0.5,13.3,5.6,2.5,rain,May,2012
123,2012-05-03,18.5,11.1,7.2,3.4,rain,May,2012
124,2012-05-04,1.8,12.2,6.1,4.6,rain,May,2012
125,2012-05-05,0.0,13.3,5.0,2.3,sun,May,2012
126,2012-05-06,0.0,17.8,5.0,2.4,sun,May,2012
127,2012-05-07,0.0,23.9,6.1,2.2,sun,May,2012
128,2012-05-08,0.0,18.3,9.4,3.0,sun,May,2012
129,2012-05-09,0.0,13.3,6.7,3.9,rain,May,2012
130,2012-05-10,0.0,14.4,3.9,3.0,sun,May,2012
131,2012-05-11,0.0,18.3,4.4,4.3,sun,May,2012
132,2012-05-12,0.0,24.4,6.7,3.4,sun,May,2012
133,2012-05-13,0.0,25.6,9.4,4.2,sun,May,2012
134,2012-05-14,0.0,26.7,12.8,3.8,sun,May,2012
135,2012-05-15,0.0,24.4,9.4,4.1,drizzle,May,2012
136,2012-05-16,0.0,19.4,9.4,3.5,sun,May,2012
137,2012-05-17,0.0,17.8,6.7,2.9,rain,May,2012
138,2012-05-18,0.0,15.6,7.8,3.1,rain,May,2012
139,2012-05-19,0.0,19.4,7.2,1.5,sun,May,2012
140,2012-05-20,6.4,14.4,11.7,1.3,rain,May,2012
141,2012-05-21,14.0,16.7,10.0,4.0,rain,May,2012
142,2012-05-22,6.1,12.8,8.9,4.8,rain,May,2012
143,2012-05-23,0.3,14.4,8.9,6.3,rain,May,2012
144,2012-05-24,0.0,17.2,8.9,3.3,rain,May,2012
145,2012-05-25,0.0,22.2,8.9,3.1,rain,May,2012
146,2012-05-26,0.0,22.2,8.9,3.6,sun,May,2012
147,2012-05-27,0.0,17.2,11.7,3.7,sun,May,2012
148,2012-05-28,0.0,16.7,10.0,3.4,rain,May,2012
149,2012-05-29,0.0,16.1,7.8,1.8,sun,May,2012
150,2012-05-30,0.3,18.9,11.1,1.5,rain,May,2012
151,2012-05-31,3.8,17.8,12.2,2.7,rain,May,2012
152,2012-06-01,6.6,20.0,12.8,3.7,rain,June,2012
153,2012-06-02,0.3,18.9,10.6,3.7,rain,June,2012
154,2012-06-03,0.0,17.2,9.4,2.9,sun,June,2012
155,2012-06-04,1.3,12.8,8.9,3.1,rain,June,2012
156,2012-06-05,16.0,13.3,8.3,3.3,rain,June,2012
157,2012-06-06,0.0,16.1,6.1,3.4,sun,June,2012
158,2012-06-07,16.5,16.1,8.9,3.5,rain,June,2012
159,2012-06-08,1.5,15.0,8.3,3.0,rain,June,2012
160,2012-06-09,0.0,17.2,8.3,4.7,rain,June,2012
161,2012-06-10,0.0,18.9,10.0,2.9,sun,June,2012
162,2012-06-11,0.0,23.3,10.0,1.8,rain,June,2012
163,2012-06-12,0.8,18.3,12.8,3.9,rain,June,2012
164,2012-06-13,0.0,16.1,11.1,4.3,sun,June,2012
165,2012-06-14,0.0,17.2,10.0,2.7,sun,June,2012
166,2012-06-15,0.0,22.2,9.4,1.7,sun,June,2012
167,2012-06-16,0.0,21.1,15.0,4.1,rain,June,2012
168,2012-06-17,0.0,18.9,11.7,6.4,sun,June,2012
169,2012-06-18,3.0,17.2,10.0,3.8,rain,June,2012
170,2012-06-19,1.0,19.4,10.0,3.0,rain,June,2012
171,2012-06-20,0.0,24.4,10.0,3.0,sun,June,2012
172,2012-06-21,0.0,23.9,11.7,2.1,sun,June,2012
173,2012-06-22,15.7,13.9,11.7,1.9,rain,June,2012
174,2012-06-23,8.6,15.6,9.4,2.5,rain,June,2012
175,2012-06-24,0.0,19.4,9.4,2.0,drizzle,June,2012
176,2012-06-25,0.5,19.4,11.1,3.1,rain,June,2012
177,2012-06-26,0.0,18.3,10.6,3.4,rain,June,2012
178,2012-06-27,0.0,22.8,8.9,1.8,sun,June,2012
179,2012-06-28,0.0,22.2,11.7,2.5,rain,June,2012
180,2012-06-29,0.3,21.7,15.0,1.9,rain,June,2012
181,2012-06-30,3.0,20.0,13.3,2.4,rain,June,2012
182,2012-07-01,0.0,20.0,12.2,2.3,rain,July,2012
183,2012-07-02,2.0,18.9,11.7,2.1,rain,July,2012
184,2012-07-03,5.8,18.3,10.6,6.0,rain,July,2012
185,2012-07-04,0.0,20.6,9.4,3.8,sun,July,2012
186,2012-07-05,0.0,24.4,10.6,3.1,drizzle,July,2012
187,2012-07-06,0.0,25.0,11.1,2.1,sun,July,2012
188,2012-07-07,0.0,26.7,12.8,3.8,sun,July,2012
189,2012-07-08,0.0,28.3,14.4,2.8,rain,July,2012
190,2012-07-09,1.5,25.0,12.8,2.0,rain,July,2012
191,2012-07-10,0.0,23.9,11.1,2.3,drizzle,July,2012
192,2012-07-11,0.0,27.8,13.3,2.9,fog,July,2012
193,2012-07-12,0.0,25.6,13.3,2.7,drizzle,July,2012
194,2012-07-13,0.5,23.3,13.9,2.2,rain,July,2012
195,2012-07-14,0.0,25.0,15.0,2.2,rain,July,2012
196,2012-07-15,0.0,18.9,13.3,3.8,rain,July,2012
197,2012-07-16,0.3,26.1,13.3,2.5,rain,July,2012
198,2012-07-17,0.0,21.7,15.0,2.6,sun,July,2012
199,2012-07-18,0.0,21.1,14.4,2.9,sun,July,2012
200,2012-07-19,0.0,25.0,14.4,2.2,sun,July,2012
201,2012-07-20,15.2,19.4,13.9,4.0,rain,July,2012
202,2012-07-21,0.0,23.9,13.9,2.3,sun,July,2012
203,2012-07-22,1.0,20.6,12.2,3.9,rain,July,2012
204,2012-07-23,0.0,18.9,11.1,3.3,rain,July,2012
205,2012-07-24,0.0,23.3,12.2,4.3,sun,July,2012
206,2012-07-25,0.0,26.7,12.8,2.6,sun,July,2012
207,2012-07-26,0.0,25.6,12.8,2.2,drizzle,July,2012
208,2012-07-27,0.0,18.9,13.9,2.8,drizzle,July,2012
209,2012-07-28,0.0,22.2,13.3,1.7,drizzle,July,2012
210,2012-07-29,0.0,22.8,15.0,2.0,sun,July,2012
211,2012-07-30,0.0,19.4,13.3,3.0,sun,July,2012
212,2012-07-31,0.0,22.8,13.9,2.8,sun,July,2012
213,2012-08-01,0.0,23.9,13.3,2.2,drizzle,August,2012
214,2012-08-02,0.0,23.3,12.2,2.5,sun,August,2012
215,2012-08-03,0.0,27.2,12.8,3.9,sun,August,2012
216,2012-08-04,0.0,33.9,16.7,3.7,sun,August,2012
217,2012-08-05,0.0,33.9,17.8,1.9,sun,August,2012
218,2012-08-06,0.0,28.3,15.6,2.5,rain,August,2012
219,2012-08-07,0.0,21.1,15.0,2.6,drizzle,August,2012
220,2012-08-08,0.0,22.2,15.0,3.1,sun,August,2012
221,2012-08-09,0.0,24.4,14.4,3.8,drizzle,August,2012
222,2012-08-10,0.0,25.6,12.2,2.3,sun,August,2012
223,2012-08-11,0.0,28.3,13.3,2.5,sun,August,2012
224,2012-08-12,0.0,30.6,15.0,3.0,sun,August,2012
225,2012-08-13,0.0,30.6,15.0,2.8,sun,August,2012
226,2012-08-14,0.0,28.9,13.9,2.8,sun,August,2012
227,2012-08-15,0.0,31.1,16.7,4.7,sun,August,2012
228,2012-08-16,0.0,34.4,18.3,2.8,sun,August,2012
229,2012-08-17,0.0,32.8,16.1,1.8,sun,August,2012
230,2012-08-18,0.0,21.7,14.4,3.0,drizzle,August,2012
231,2012-08-19,0.0,23.3,15.0,2.7,drizzle,August,2012
232,2012-08-20,0.0,25.6,15.0,1.9,sun,August,2012
233,2012-08-21,0.0,23.3,13.3,3.0,rain,August,2012
234,2012-08-22,0.0,22.2,13.3,2.3,sun,August,2012
235,2012-08-23,0.0,21.1,13.9,3.8,sun,August,2012
236,2012-08-24,0.0,22.2,10.0,3.3,sun,August,2012
237,2012-08-25,0.0,26.1,11.7,3.2,sun,August,2012
238,2012-08-26,0.0,21.1,12.2,3.4,sun,August,2012
239,2012-08-27,0.0,23.9,13.3,1.8,sun,August,2012
240,2012-08-28,0.0,22.8,12.2,3.2,sun,August,2012
241,2012-08-29,0.0,22.8,13.3,2.4,sun,August,2012
242,2012-08-30,0.0,22.8,12.8,1.9,sun,August,2012
243,2012-08-31,0.0,22.2,10.6,2.9,sun,August,2012
244,2012-09-01,0.0,21.7,10.6,2.1,sun,September,2012
245,2012-09-02,0.0,21.1,10.0,2.0,sun,September,2012
246,2012-09-03,0.0,22.8,12.8,3.3,sun,September,2012
247,2012-09-04,0.0,24.4,11.1,3.1,sun,September,2012
248,2012-09-05,0.0,26.1,11.7,2.6,sun,September,2012
249,2012-09-06,0.0,28.3,14.4,4.2,sun,September,2012
250,2012-09-07,0.0,32.2,13.3,3.1,sun,September,2012
251,2012-09-08,0.0,25.0,13.3,3.0,sun,September,2012
252,2012-09-09,0.3,18.9,13.9,5.0,rain,September,2012
253,2012-09-10,0.3,20.0,11.7,3.9,rain,September,2012
254,2012-09-11,0.0,20.0,8.9,4.2,sun,September,2012
255,2012-09-12,0.0,22.2,10.0,5.6,sun,September,2012
256,2012-09-13,0.0,27.8,11.7,3.6,sun,September,2012
257,2012-09-14,0.0,26.1,11.1,1.5,sun,September,2012
258,2012-09-15,0.0,22.2,11.1,1.9,sun,September,2012
259,2012-09-16,0.0,24.4,9.4,2.3,sun,September,2012
260,2012-09-17,0.0,27.8,11.7,2.2,fog,September,2012
261,2012-09-18,0.0,27.8,11.7,1.4,sun,September,2012
262,2012-09-19,0.0,23.9,11.7,1.9,drizzle,September,2012
263,2012-09-20,0.0,19.4,10.0,2.5,drizzle,September,2012
264,2012-09-21,0.0,16.1,12.8,2.1,drizzle,September,2012
265,2012-09-22,0.3,19.4,11.7,1.1,rain,September,2012
266,2012-09-23,0.0,19.4,10.0,1.4,fog,September,2012
267,2012-09-24,0.0,21.1,10.0,1.8,fog,September,2012
268,2012-09-25,0.0,19.4,11.1,1.7,sun,September,2012
269,2012-09-26,0.0,19.4,9.4,1.7,drizzle,September,2012
270,2012-09-27,0.0,22.8,10.0,1.7,drizzle,September,2012
271,2012-09-28,0.0,25.0,12.2,1.1,rain,September,2012
272,2012-09-29,0.0,20.6,12.2,4.3,sun,September,2012
273,2012-09-30,0.0,21.1,7.8,3.1,sun,September,2012
274,2012-10-01,0.0,23.3,8.9,3.0,sun,October,2012
275,2012-10-02,0.0,17.8,10.0,4.1,sun,October,2012
276,2012-10-03,0.0,18.9,7.8,7.3,sun,October,2012
277,2012-10-04,0.0,18.9,8.3,6.5,sun,October,2012
278,2012-10-05,0.0,21.7,8.9,5.7,sun,October,2012
279,2012-10-06,0.0,23.9,7.8,5.1,sun,October,2012
280,2012-10-07,0.0,23.9,7.8,1.3,sun,October,2012
281,2012-10-08,0.0,21.1,7.8,1.9,sun,October,2012
282,2012-10-09,0.0,16.1,8.9,1.6,drizzle,October,2012
283,2012-10-10,0.0,12.2,8.3,1.4,drizzle,October,2012
284,2012-10-11,0.0,13.9,7.2,1.3,drizzle,October,2012
285,2012-10-12,2.0,13.9,8.9,4.6,rain,October,2012
286,2012-10-13,4.8,15.6,12.2,3.9,rain,October,2012
287,2012-10-14,16.5,17.8,13.3,3.4,rain,October,2012
288,2012-10-15,7.9,17.2,11.1,4.6,rain,October,2012
289,2012-10-16,0.0,16.1,8.3,5.5,sun,October,2012
290,2012-10-17,0.0,14.4,6.1,1.6,sun,October,2012
291,2012-10-18,20.8,17.8,6.7,2.0,rain,October,2012
292,2012-10-19,4.8,15.0,9.4,5.3,rain,October,2012
293,2012-10-20,0.5,11.1,6.1,5.7,rain,October,2012
294,2012-10-21,6.4,11.7,4.4,2.7,rain,October,2012
295,2012-10-22,8.9,7.8,3.3,2.6,rain,October,2012
296,2012-10-23,0.0,11.1,5.6,3.0,rain,October,2012
297,2012-10-24,7.1,11.7,6.1,2.1,rain,October,2012
298,2012-10-25,0.0,11.7,6.7,1.5,sun,October,2012
299,2012-10-26,1.5,11.1,7.2,2.5,rain,October,2012
300,2012-10-27,23.1,14.4,9.4,5.1,rain,October,2012
301,2012-10-28,6.1,14.4,10.0,3.8,rain,October,2012
302,2012-10-29,10.9,15.6,10.0,4.9,rain,October,2012
303,2012-10-30,34.5,15.0,12.2,2.8,rain,October,2012
304,2012-10-31,14.5,15.6,11.1,2.7,rain,October,2012
305,2012-11-01,9.7,15.0,10.6,3.0,rain,November,2012
306,2012-11-02,5.6,15.0,10.6,1.0,rain,November,2012
307,2012-11-03,0.5,15.6,11.1,3.6,rain,November,2012
308,2012-11-04,8.1,17.8,12.8,3.8,rain,November,2012
309,2012-11-05,0.8,15.0,7.8,4.0,rain,November,2012
310,2012-11-06,0.3,12.8,6.7,3.5,rain,November,2012
311,2012-11-07,0.0,12.2,3.9,3.4,rain,November,2012
312,2012-11-08,0.0,10.0,1.1,3.4,rain,November,2012
313,2012-11-09,0.0,8.9,1.1,2.0,rain,November,2012
314,2012-11-10,0.0,7.8,-0.6,2.2,sun,November,2012
315,2012-11-11,15.2,8.9,1.1,3.0,rain,November,2012
316,2012-11-12,3.6,12.8,6.1,3.0,rain,November,2012
317,2012-11-13,5.3,11.1,7.8,2.5,rain,November,2012
318,2012-11-14,0.8,11.1,5.0,2.6,rain,November,2012
319,2012-11-15,0.0,9.4,2.8,2.4,drizzle,November,2012
320,2012-11-16,5.6,9.4,2.2,1.6,rain,November,2012
321,2012-11-17,6.1,12.2,6.1,5.3,rain,November,2012
322,2012-11-18,7.9,10.0,6.1,4.9,rain,November,2012
323,2012-11-19,54.1,13.3,8.3,6.0,rain,November,2012
324,2012-11-20,3.8,11.1,7.2,4.2,rain,November,2012
325,2012-11-21,11.2,8.3,3.9,5.5,rain,November,2012
326,2012-11-22,0.0,8.9,2.8,1.5,rain,November,2012
327,2012-11-23,32.0,9.4,6.1,2.4,rain,November,2012
328,2012-11-24,0.0,8.9,3.9,1.2,rain,November,2012
329,2012-11-25,0.0,8.3,1.1,3.6,drizzle,November,2012
330,2012-11-26,0.0,9.4,1.7,3.8,fog,November,2012
331,2012-11-27,0.0,10.0,1.7,1.5,sun,November,2012
332,2012-11-28,2.8,9.4,2.2,2.9,rain,November,2012
333,2012-11-29,1.5,12.8,7.8,4.2,rain,November,2012
334,2012-11-30,35.6,15.0,7.8,4.6,rain,November,2012
335,2012-12-01,4.1,13.3,8.3,5.5,rain,December,2012
336,2012-12-02,19.6,8.3,7.2,6.2,rain,December,2012
337,2012-12-03,13.0,9.4,7.2,4.4,rain,December,2012
338,2012-12-04,14.2,11.7,7.2,6.2,rain,December,2012
339,2012-12-05,1.5,8.9,4.4,5.0,rain,December,2012
340,2012-12-06,1.5,7.2,6.1,5.1,rain,December,2012
341,2012-12-07,1.0,7.8,3.3,4.6,rain,December,2012
342,2012-12-08,0.0,6.7,3.3,2.0,sun,December,2012
343,2012-12-09,1.5,6.7,2.8,2.1,rain,December,2012
344,2012-12-10,0.5,7.2,5.6,1.8,rain,December,2012
345,2012-12-11,3.0,7.8,5.6,4.5,rain,December,2012
346,2012-12-12,8.1,6.7,4.4,2.0,rain,December,2012
347,2012-12-13,2.3,7.2,3.3,2.8,rain,December,2012
348,2012-12-14,7.9,6.1,1.1,1.7,rain,December,2012
349,2012-12-15,5.3,4.4,0.6,5.1,snow,December,2012
350,2012-12-16,22.6,6.7,3.3,5.5,snow,December,2012
351,2012-12-17,2.0,8.3,1.7,9.5,rain,December,2012
352,2012-12-18,3.3,3.9,0.6,5.3,snow,December,2012
353,2012-12-19,13.7,8.3,1.7,5.8,snow,December,2012
354,2012-12-20,13.2,7.2,0.6,3.7,rain,December,2012
355,2012-12-21,1.8,8.3,-1.7,1.7,rain,December,2012
356,2012-12-22,3.3,8.3,3.9,3.5,rain,December,2012
357,2012-12-23,6.6,7.2,3.3,2.5,rain,December,2012
358,2012-12-24,0.3,5.6,2.8,2.8,rain,December,2012
359,2012-12-25,13.5,5.6,2.8,4.2,snow,December,2012
360,2012-12-26,4.6,6.7,3.3,4.9,rain,December,2012
361,2012-12-27,4.1,7.8,3.3,3.2,rain,December,2012
362,2012-12-28,0.0,8.3,3.9,1.7,rain,December,2012
363,2012-12-29,1.5,5.0,3.3,1.7,rain,December,2012
364,2012-12-30,0.0,4.4,0.0,1.8,drizzle,December,2012
365,2012-12-31,0.0,3.3,-1.1,2.0,drizzle,December,2012
366,2013-01-01,0.0,5.0,-2.8,2.7,sun,January,2013
367,2013-01-02,0.0,6.1,-1.1,3.2,sun,January,2013
368,2013-01-03,4.1,6.7,-1.7,3.0,rain,January,2013
369,2013-01-04,2.5,10.0,2.2,2.8,rain,January,2013
370,2013-01-05,3.0,6.7,4.4,3.1,rain,January,2013
371,2013-01-06,2.0,7.2,2.8,3.0,rain,January,2013
372,2013-01-07,2.3,10.0,4.4,7.3,rain,January,2013
373,2013-01-08,16.3,11.7,5.6,6.3,rain,January,2013
374,2013-01-09,38.4,10.0,1.7,5.1,rain,January,2013
375,2013-01-10,0.3,3.3,-0.6,2.1,snow,January,2013
376,2013-01-11,0.0,2.8,-2.8,1.9,drizzle,January,2013
377,2013-01-12,0.0,2.8,-3.9,2.0,sun,January,2013
378,2013-01-13,0.0,2.2,-4.4,1.5,sun,January,2013
379,2013-01-14,0.0,3.3,-2.2,1.3,sun,January,2013
380,2013-01-15,0.0,6.7,-0.6,2.3,sun,January,2013
381,2013-01-16,0.0,6.1,-3.9,1.8,drizzle,January,2013
382,2013-01-17,0.0,3.9,-2.8,1.0,drizzle,January,2013
383,2013-01-18,0.0,3.3,-1.1,1.3,drizzle,January,2013
384,2013-01-19,0.0,1.1,-0.6,1.9,drizzle,January,2013
385,2013-01-20,0.0,3.3,-0.6,2.1,drizzle,January,2013
386,2013-01-21,0.0,2.2,-1.7,1.1,drizzle,January,2013
387,2013-01-22,0.0,3.3,-1.7,0.6,drizzle,January,2013
388,2013-01-23,5.1,7.2,2.2,3.1,rain,January,2013
389,2013-01-24,5.8,7.2,1.1,2.6,rain,January,2013
390,2013-01-25,3.0,10.6,2.8,2.1,rain,January,2013
391,2013-01-26,2.3,8.3,3.9,4.5,rain,January,2013
392,2013-01-27,1.8,5.6,3.9,4.5,rain,January,2013
393,2013-01-28,7.9,6.1,3.3,3.2,rain,January,2013
394,2013-01-29,4.3,8.3,5.0,3.9,rain,January,2013
395,2013-01-30,3.6,8.9,6.7,3.9,rain,January,2013
396,2013-01-31,3.0,9.4,7.2,4.0,rain,January,2013
397,2013-02-01,0.3,11.7,5.0,2.9,rain,February,2013
398,2013-02-02,0.0,6.1,2.8,2.0,drizzle,February,2013
399,2013-02-03,2.3,8.9,2.8,2.9,rain,February,2013
400,2013-02-04,0.0,10.6,6.7,2.6,rain,February,2013
401,2013-02-05,3.3,10.0,6.7,5.1,rain,February,2013
402,2013-02-06,1.0,10.6,6.1,4.5,rain,February,2013
403,2013-02-07,1.3,9.4,3.3,4.1,rain,February,2013
404,2013-02-08,0.0,7.8,2.2,1.3,sun,February,2013
405,2013-02-09,0.3,8.3,4.4,1.3,rain,February,2013
406,2013-02-10,0.0,8.9,1.7,2.0,drizzle,February,2013
407,2013-02-11,0.3,8.3,4.4,1.4,rain,February,2013
408,2013-02-12,1.0,11.1,7.2,5.6,rain,February,2013
409,2013-02-13,2.3,9.4,7.2,4.1,rain,February,2013
410,2013-02-14,1.0,9.4,5.6,2.2,rain,February,2013
411,2013-02-15,0.0,13.3,5.0,2.4,drizzle,February,2013
412,2013-02-16,0.0,11.1,3.9,5.6,rain,February,2013
413,2013-02-17,0.0,9.4,4.4,3.4,rain,February,2013
414,2013-02-18,0.0,7.8,3.9,1.9,rain,February,2013
415,2013-02-19,0.0,10.6,1.7,3.4,sun,February,2013
416,2013-02-20,1.5,7.8,1.1,2.1,rain,February,2013
417,2013-02-21,0.5,6.7,3.9,6.2,rain,February,2013
418,2013-02-22,9.4,7.8,3.9,8.1,rain,February,2013
419,2013-02-23,0.3,10.0,3.9,4.6,rain,February,2013
420,2013-02-24,0.0,8.9,5.0,5.5,rain,February,2013
421,2013-02-25,2.3,10.6,3.3,7.1,rain,February,2013
422,2013-02-26,0.5,8.9,3.9,3.8,rain,February,2013
423,2013-02-27,4.6,10.0,4.4,1.8,rain,February,2013
424,2013-02-28,8.1,11.7,6.7,3.8,rain,February,2013
425,2013-03-01,4.1,15.0,11.1,5.4,rain,March,2013
426,2013-03-02,0.8,13.9,5.0,4.5,rain,March,2013
427,2013-03-03,0.0,11.1,2.2,2.8,sun,March,2013
428,2013-03-04,0.0,13.3,0.0,3.9,sun,March,2013
429,2013-03-05,0.0,9.4,6.1,2.4,rain,March,2013
430,2013-03-06,11.9,7.2,5.0,4.1,rain,March,2013
431,2013-03-07,7.4,12.2,5.0,2.5,rain,March,2013
432,2013-03-08,0.0,11.7,2.2,2.6,drizzle,March,2013
433,2013-03-09,0.0,12.8,1.1,1.3,fog,March,2013
434,2013-03-10,0.8,7.8,3.9,1.6,rain,March,2013
435,2013-03-11,1.3,10.6,6.1,1.1,rain,March,2013
436,2013-03-12,2.0,12.8,10.0,5.7,rain,March,2013
437,2013-03-13,2.3,11.7,9.4,3.7,rain,March,2013
438,2013-03-14,2.8,11.7,9.4,3.0,rain,March,2013
439,2013-03-15,0.0,14.4,8.9,4.3,rain,March,2013
440,2013-03-16,4.3,10.6,4.4,6.4,rain,March,2013
441,2013-03-17,0.0,8.9,3.9,6.1,sun,March,2013
442,2013-03-18,0.0,11.7,3.9,5.9,rain,March,2013
443,2013-03-19,11.7,12.8,1.7,3.4,rain,March,2013
444,2013-03-20,9.9,11.1,4.4,7.6,rain,March,2013
445,2013-03-21,8.1,10.0,2.2,4.9,snow,March,2013
446,2013-03-22,0.0,9.4,0.6,2.2,sun,March,2013
447,2013-03-23,0.0,10.0,1.1,2.6,sun,March,2013
448,2013-03-24,0.0,12.2,0.6,2.1,sun,March,2013
449,2013-03-25,0.0,16.7,4.4,2.8,sun,March,2013
450,2013-03-26,0.0,16.7,6.1,1.7,sun,March,2013
451,2013-03-27,0.3,13.3,7.2,1.6,rain,March,2013
452,2013-03-28,2.0,16.1,8.3,1.3,rain,March,2013
453,2013-03-29,0.0,18.3,7.8,2.5,rain,March,2013
454,2013-03-30,0.0,20.0,5.6,4.4,drizzle,March,2013
455,2013-03-31,0.0,20.6,6.7,2.9,sun,March,2013
456,2013-04-01,0.0,17.2,8.3,3.6,sun,April,2013
457,2013-04-02,0.0,13.9,8.9,2.2,sun,April,2013
458,2013-04-03,0.0,16.7,7.8,1.6,sun,April,2013
459,2013-04-04,8.4,14.4,10.0,3.0,fog,April,2013
460,2013-04-05,18.5,13.9,10.0,5.6,fog,April,2013
461,2013-04-06,12.7,12.2,7.2,5.0,fog,April,2013
462,2013-04-07,39.1,8.3,5.0,3.9,fog,April,2013
463,2013-04-08,0.8,13.3,6.1,3.1,fog,April,2013
464,2013-04-09,0.0,12.2,6.1,2.4,sun,April,2013
465,2013-04-10,9.4,15.0,8.9,6.4,sun,April,2013
466,2013-04-11,1.5,12.2,6.7,3.8,fog,April,2013
467,2013-04-12,9.7,7.8,4.4,4.6,fog,April,2013
468,2013-04-13,9.4,10.6,3.3,5.7,fog,April,2013
469,2013-04-14,5.8,12.8,4.4,2.3,fog,April,2013
470,2013-04-15,0.0,13.9,4.4,2.4,fog,April,2013
471,2013-04-16,0.3,13.9,3.3,2.6,sun,April,2013
472,2013-04-17,0.0,15.0,3.9,3.3,drizzle,April,2013
473,2013-04-18,5.3,11.7,6.7,4.0,fog,April,2013
474,2013-04-19,20.6,13.3,9.4,4.9,fog,April,2013
475,2013-04-20,0.0,13.9,8.3,5.8,sun,April,2013
476,2013-04-21,3.3,12.2,6.7,4.1,sun,April,2013
477,2013-04-22,0.0,16.1,5.0,4.3,sun,April,2013
478,2013-04-23,0.0,17.8,3.9,2.8,sun,April,2013
479,2013-04-24,0.0,21.1,6.1,3.0,sun,April,2013
480,2013-04-25,0.0,21.7,6.7,1.1,sun,April,2013
481,2013-04-26,0.0,20.6,8.3,2.2,fog,April,2013
482,2013-04-27,0.0,13.9,10.6,5.9,sun,April,2013
483,2013-04-28,1.0,15.0,9.4,5.2,drizzle,April,2013
484,2013-04-29,3.8,13.9,6.7,4.2,fog,April,2013
485,2013-04-30,0.0,12.8,4.4,2.4,sun,April,2013
486,2013-05-01,0.0,18.3,3.3,3.1,sun,May,2013
487,2013-05-02,0.0,20.6,6.7,4.0,sun,May,2013
488,2013-05-03,0.0,21.7,9.4,4.9,sun,May,2013
489,2013-05-04,0.0,25.0,11.1,6.5,sun,May,2013
490,2013-05-05,0.0,28.9,11.7,5.3,sun,May,2013
491,2013-05-06,0.0,30.6,12.2,2.0,sun,May,2013
492,2013-05-07,0.0,20.6,11.1,3.3,sun,May,2013
493,2013-05-08,0.0,19.4,11.1,1.9,sun,May,2013
494,2013-05-09,0.0,22.8,10.0,1.3,sun,May,2013
495,2013-05-10,0.0,26.1,9.4,1.0,sun,May,2013
496,2013-05-11,0.0,27.2,12.2,2.6,sun,May,2013
497,2013-05-12,6.6,21.7,13.9,3.9,fog,May,2013
498,2013-05-13,3.3,18.9,9.4,5.0,sun,May,2013
499,2013-05-14,0.0,18.3,7.8,2.4,sun,May,2013
500,2013-05-15,1.0,17.2,8.9,2.3,fog,May,2013
501,2013-05-16,0.0,21.7,12.2,2.7,fog,May,2013
502,2013-05-17,0.5,17.2,11.7,3.7,sun,May,2013
503,2013-05-18,0.0,16.7,11.1,2.9,sun,May,2013
504,2013-05-19,0.0,18.3,10.6,2.3,sun,May,2013
505,2013-05-20,0.0,19.4,9.4,1.8,sun,May,2013
506,2013-05-21,13.7,15.6,8.3,4.8,fog,May,2013
507,2013-05-22,13.7,11.1,7.2,3.0,fog,May,2013
508,2013-05-23,4.1,12.2,6.7,1.9,fog,May,2013
509,2013-05-24,0.3,16.7,8.9,2.7,sun,May,2013
510,2013-05-25,0.0,17.8,10.0,2.7,sun,May,2013
511,2013-05-26,1.5,18.3,10.6,2.2,fog,May,2013
512,2013-05-27,9.7,16.7,11.1,3.1,fog,May,2013
513,2013-05-28,0.5,17.2,11.7,2.8,fog,May,2013
514,2013-05-29,5.6,16.1,9.4,4.0,fog,May,2013
515,2013-05-30,0.0,16.7,9.4,5.3,sun,May,2013
516,2013-05-31,0.0,19.4,11.1,2.5,sun,May,2013
517,2013-06-01,0.0,22.8,12.2,2.5,sun,June,2013
518,2013-06-02,1.0,20.6,12.2,3.1,sun,June,2013
519,2013-06-03,0.0,22.2,11.1,2.9,sun,June,2013
520,2013-06-04,0.0,26.1,12.2,3.4,sun,June,2013
521,2013-06-05,0.0,26.7,14.4,3.1,sun,June,2013
522,2013-06-06,0.0,26.7,12.2,2.5,sun,June,2013
523,2013-06-07,0.0,21.7,13.3,3.2,sun,June,2013
524,2013-06-08,0.0,20.6,12.8,3.1,sun,June,2013
525,2013-06-09,0.0,20.6,11.1,3.7,sun,June,2013
526,2013-06-10,0.0,21.7,11.7,3.2,sun,June,2013
527,2013-06-11,0.0,20.0,10.0,5.7,sun,June,2013
528,2013-06-12,0.3,20.6,11.7,4.2,sun,June,2013
529,2013-06-13,0.0,21.1,11.7,2.6,sun,June,2013
530,2013-06-14,0.0,20.0,12.2,3.7,sun,June,2013
531,2013-06-15,0.0,25.6,10.0,2.9,sun,June,2013
532,2013-06-16,0.0,23.9,12.8,3.4,sun,June,2013
533,2013-06-17,0.0,25.6,13.9,3.0,sun,June,2013
534,2013-06-18,0.3,23.3,13.3,3.4,fog,June,2013
535,2013-06-19,0.0,20.0,12.8,3.7,sun,June,2013
536,2013-06-20,3.0,17.2,12.8,5.0,sun,June,2013
537,2013-06-21,0.3,20.6,12.2,1.5,sun,June,2013
538,2013-06-22,0.0,25.6,11.7,1.7,sun,June,2013
539,2013-06-23,7.9,22.2,15.0,2.1,fog,June,2013
540,2013-06-24,4.8,21.1,13.9,3.7,fog,June,2013
541,2013-06-25,9.9,23.3,14.4,2.8,sun,June,2013
542,2013-06-26,2.0,22.2,15.0,2.3,fog,June,2013
543,2013-06-27,3.6,21.1,16.7,1.3,fog,June,2013
544,2013-06-28,0.0,30.6,16.1,2.2,sun,June,2013
545,2013-06-29,0.0,30.0,18.3,1.7,sun,June,2013
546,2013-06-30,0.0,33.9,17.2,2.5,sun,June,2013
547,2013-07-01,0.0,31.7,18.3,2.3,sun,July,2013
548,2013-07-02,0.0,28.3,15.6,3.0,sun,July,2013
549,2013-07-03,0.0,26.1,16.7,3.2,sun,July,2013
550,2013-07-04,0.0,21.7,13.9,2.2,fog,July,2013
551,2013-07-05,0.0,23.3,13.9,2.6,sun,July,2013
552,2013-07-06,0.0,26.1,13.3,2.2,sun,July,2013
553,2013-07-07,0.0,23.9,13.9,2.9,sun,July,2013
554,2013-07-08,0.0,26.7,13.3,2.8,sun,July,2013
555,2013-07-09,0.0,30.0,15.0,2.5,sun,July,2013
556,2013-07-10,0.0,22.2,13.9,2.6,sun,July,2013
557,2013-07-11,0.0,22.8,12.2,3.0,sun,July,2013
558,2013-07-12,0.0,19.4,13.3,2.2,sun,July,2013
559,2013-07-13,0.0,26.1,11.1,3.1,sun,July,2013
560,2013-07-14,0.0,27.8,12.8,3.0,sun,July,2013
561,2013-07-15,0.0,27.8,14.4,4.6,sun,July,2013
562,2013-07-16,0.0,31.1,18.3,4.1,sun,July,2013
563,2013-07-17,0.0,22.2,15.0,3.7,rain,July,2013
564,2013-07-18,0.0,26.1,13.9,2.0,sun,July,2013
565,2013-07-19,0.0,27.8,13.3,1.9,sun,July,2013
566,2013-07-20,0.0,25.0,13.3,2.0,sun,July,2013
567,2013-07-21,0.0,23.9,12.8,2.3,sun,July,2013
568,2013-07-22,0.0,26.1,13.3,2.4,fog,July,2013
569,2013-07-23,0.0,31.1,13.9,3.0,sun,July,2013
570,2013-07-24,0.0,31.1,14.4,2.5,sun,July,2013
571,2013-07-25,0.0,31.1,12.8,2.3,sun,July,2013
572,2013-07-26,0.0,31.1,14.4,2.9,sun,July,2013
573,2013-07-27,0.0,25.6,12.8,2.6,sun,July,2013
574,2013-07-28,0.0,21.1,12.2,3.4,fog,July,2013
575,2013-07-29,0.0,25.0,13.3,1.4,sun,July,2013
576,2013-07-30,0.0,25.0,13.3,2.8,sun,July,2013
577,2013-07-31,0.0,21.7,13.3,1.8,sun,July,2013
578,2013-08-01,0.0,20.6,13.3,3.9,sun,August,2013
579,2013-08-02,2.0,17.2,15.0,2.0,sun,August,2013
580,2013-08-03,0.0,25.0,15.6,2.4,fog,August,2013
581,2013-08-04,0.0,28.9,15.0,3.4,sun,August,2013
582,2013-08-05,0.0,30.0,15.0,2.1,sun,August,2013
583,2013-08-06,0.0,30.6,13.9,1.4,sun,August,2013
584,2013-08-07,0.0,31.1,13.9,1.9,sun,August,2013
585,2013-08-08,0.0,28.3,14.4,2.5,sun,August,2013
586,2013-08-09,0.0,28.3,14.4,2.1,rain,August,2013
587,2013-08-10,2.3,25.6,15.0,2.9,sun,August,2013
588,2013-08-11,0.0,25.0,14.4,2.9,sun,August,2013
589,2013-08-12,0.0,25.6,16.1,1.9,sun,August,2013
590,2013-08-13,0.0,27.8,15.0,1.8,sun,August,2013
591,2013-08-14,0.8,27.2,15.0,2.0,sun,August,2013
592,2013-08-15,1.8,21.1,17.2,1.0,sun,August,2013
593,2013-08-16,0.0,28.9,16.1,2.2,fog,August,2013
594,2013-08-17,0.0,25.6,17.2,3.0,sun,August,2013
595,2013-08-18,0.0,26.1,15.6,3.1,sun,August,2013
596,2013-08-19,0.0,26.7,15.6,3.0,sun,August,2013
597,2013-08-20,0.0,25.6,16.1,4.6,sun,August,2013
598,2013-08-21,0.0,27.8,15.0,4.3,sun,August,2013
599,2013-08-22,0.0,28.9,15.0,1.9,sun,August,2013
600,2013-08-23,0.0,25.0,16.1,4.1,sun,August,2013
601,2013-08-24,0.0,25.0,16.7,2.7,sun,August,2013
602,2013-08-25,0.3,22.2,16.1,2.6,sun,August,2013
603,2013-08-26,1.0,24.4,16.1,1.9,sun,August,2013
604,2013-08-27,1.3,26.7,17.2,1.4,sun,August,2013
605,2013-08-28,5.6,26.7,15.6,1.3,fog,August,2013
606,2013-08-29,19.3,23.9,18.3,3.0,sun,August,2013
607,2013-08-30,0.0,26.1,16.1,2.9,sun,August,2013
608,2013-08-31,0.0,27.8,13.9,2.6,sun,August,2013
609,2013-09-01,0.0,27.8,15.6,2.5,sun,September,2013
610,2013-09-02,0.0,27.8,17.2,2.1,sun,September,2013
611,2013-09-03,2.3,25.0,16.7,1.7,fog,September,2013
612,2013-09-04,0.3,22.8,16.1,2.4,fog,September,2013
613,2013-09-05,27.7,20.0,15.6,2.5,sun,September,2013
614,2013-09-06,21.3,21.7,16.1,2.6,fog,September,2013
615,2013-09-07,0.0,23.3,17.2,2.0,sun,September,2013
616,2013-09-08,0.0,26.7,14.4,1.5,fog,September,2013
617,2013-09-09,0.0,26.1,13.9,2.1,sun,September,2013
618,2013-09-10,0.0,26.7,15.0,3.7,sun,September,2013
619,2013-09-11,0.0,33.9,16.1,2.4,sun,September,2013
620,2013-09-12,0.0,25.6,15.0,1.7,sun,September,2013
621,2013-09-13,0.0,18.9,15.6,2.0,sun,September,2013
622,2013-09-14,0.0,21.7,15.6,1.4,fog,September,2013
623,2013-09-15,3.3,18.9,14.4,2.2,sun,September,2013
624,2013-09-16,0.3,21.7,15.0,4.3,fog,September,2013
625,2013-09-17,0.0,17.8,13.9,2.3,sun,September,2013
626,2013-09-18,0.0,21.1,13.3,2.5,sun,September,2013
627,2013-09-19,0.0,25.6,10.0,1.5,sun,September,2013
628,2013-09-20,3.6,23.3,13.3,3.0,fog,September,2013
629,2013-09-21,0.0,21.1,13.3,2.5,sun,September,2013
630,2013-09-22,13.5,17.2,13.3,5.5,fog,September,2013
631,2013-09-23,2.8,16.1,11.1,4.5,fog,September,2013
632,2013-09-24,0.0,17.8,10.0,2.6,sun,September,2013
633,2013-09-25,2.0,16.1,9.4,3.0,fog,September,2013
634,2013-09-26,0.0,17.2,7.2,2.2,sun,September,2013
635,2013-09-27,1.0,13.9,10.6,4.3,fog,September,2013
636,2013-09-28,43.4,16.7,11.7,6.0,fog,September,2013
637,2013-09-29,16.8,14.4,11.1,7.1,sun,September,2013
638,2013-09-30,18.5,13.9,10.0,6.3,fog,September,2013
639,2013-10-01,7.9,14.4,8.9,4.7,fog,October,2013
640,2013-10-02,5.3,12.8,9.4,2.4,fog,October,2013
641,2013-10-03,0.8,14.4,8.9,0.9,fog,October,2013
642,2013-10-04,0.0,17.8,5.6,1.1,sun,October,2013
643,2013-10-05,0.0,20.0,8.3,1.6,sun,October,2013
644,2013-10-06,4.1,22.8,7.8,2.6,fog,October,2013
645,2013-10-07,0.5,16.1,11.7,6.3,fog,October,2013
646,2013-10-08,6.9,13.9,7.8,3.0,rain,October,2013
647,2013-10-09,0.0,15.0,5.6,1.6,sun,October,2013
648,2013-10-10,1.0,14.4,8.3,1.7,fog,October,2013
649,2013-10-11,9.1,13.9,10.6,1.0,sun,October,2013
650,2013-10-12,1.0,14.4,8.9,2.2,fog,October,2013
651,2013-10-13,0.0,15.0,6.7,1.8,fog,October,2013
652,2013-10-14,0.0,15.6,3.9,1.6,sun,October,2013
653,2013-10-15,0.0,15.6,5.0,0.9,sun,October,2013
654,2013-10-16,0.0,12.8,8.9,2.7,fog,October,2013
655,2013-10-17,0.0,14.4,8.9,1.7,fog,October,2013
656,2013-10-18,0.0,12.8,7.2,1.2,sun,October,2013
657,2013-10-19,0.0,10.6,7.8,1.4,sun,October,2013
658,2013-10-20,0.0,10.6,7.8,2.4,sun,October,2013
659,2013-10-21,0.0,11.7,8.3,2.5,sun,October,2013
660,2013-10-22,0.0,14.4,7.2,1.9,sun,October,2013
661,2013-10-23,0.0,12.8,6.1,0.4,sun,October,2013
662,2013-10-24,0.0,10.0,6.1,0.6,sun,October,2013
663,2013-10-25,0.0,12.2,7.8,1.8,sun,October,2013
664,2013-10-26,0.0,11.7,8.3,2.7,sun,October,2013
665,2013-10-27,1.8,13.9,8.3,4.4,fog,October,2013
666,2013-10-28,0.0,14.4,7.2,5.1,sun,October,2013
667,2013-10-29,0.0,13.3,3.3,2.2,sun,October,2013
668,2013-10-30,0.5,15.0,5.6,3.9,sun,October,2013
669,2013-10-31,0.3,14.4,10.6,2.2,fog,October,2013
670,2013-11-01,1.3,17.8,11.7,1.4,sun,November,2013
671,2013-11-02,12.7,14.4,8.3,7.9,fog,November,2013
672,2013-11-03,0.5,12.2,4.4,2.4,sun,November,2013
673,2013-11-04,0.0,10.6,3.9,1.6,drizzle,November,2013
674,2013-11-05,2.5,13.3,7.2,3.1,fog,November,2013
675,2013-11-06,3.8,12.8,7.8,1.7,sun,November,2013
676,2013-11-07,30.0,11.1,10.0,7.2,fog,November,2013
677,2013-11-08,0.0,13.3,7.2,4.1,sun,November,2013
678,2013-11-09,1.8,11.1,5.0,1.4,sun,November,2013
679,2013-11-10,0.0,11.1,8.3,4.4,sun,November,2013
680,2013-11-11,0.0,16.1,6.1,2.6,fog,November,2013
681,2013-11-12,4.1,15.6,8.9,2.2,fog,November,2013
682,2013-11-13,0.0,13.9,10.6,3.8,sun,November,2013
683,2013-11-14,1.3,11.1,6.1,1.1,fog,November,2013
684,2013-11-15,3.0,10.6,7.2,6.0,sun,November,2013
685,2013-11-16,0.0,10.0,5.0,4.6,sun,November,2013
686,2013-11-17,5.3,11.7,7.2,5.4,fog,November,2013
687,2013-11-18,26.2,12.8,9.4,3.9,fog,November,2013
688,2013-11-19,1.0,13.3,4.4,5.1,fog,November,2013
689,2013-11-20,0.0,7.8,1.7,4.3,sun,November,2013
690,2013-11-21,0.0,7.8,-0.5,3.6,sun,November,2013
691,2013-11-22,0.0,9.4,0.0,4.6,sun,November,2013
692,2013-11-23,0.0,11.1,1.1,2.6,sun,November,2013
693,2013-11-24,0.0,11.7,0.6,0.9,fog,November,2013
694,2013-11-25,0.0,12.2,2.2,0.5,sun,November,2013
695,2013-11-26,0.0,12.2,2.8,1.0,sun,November,2013
696,2013-11-27,0.0,14.4,5.6,1.3,sun,November,2013
697,2013-11-28,0.0,11.7,3.3,0.7,sun,November,2013
698,2013-11-29,0.5,9.4,5.0,2.1,fog,November,2013
699,2013-11-30,2.3,11.1,7.2,3.9,fog,November,2013
700,2013-12-01,3.0,13.3,7.8,8.8,fog,December,2013
701,2013-12-02,4.6,7.8,1.7,3.5,sun,December,2013
702,2013-12-03,0.0,5.0,-0.5,5.6,sun,December,2013
703,2013-12-04,0.0,4.4,-2.1,1.6,sun,December,2013
704,2013-12-05,0.0,1.1,-4.9,2.6,sun,December,2013
705,2013-12-06,0.0,1.1,-4.3,4.7,sun,December,2013
706,2013-12-07,0.0,0.0,-7.1,3.1,sun,December,2013
707,2013-12-08,0.0,2.2,-6.6,2.2,sun,December,2013
708,2013-12-09,0.0,1.1,-4.9,1.3,sun,December,2013
709,2013-12-10,0.0,5.6,0.6,1.5,sun,December,2013
710,2013-12-11,0.0,5.0,-1.6,0.8,sun,December,2013
711,2013-12-12,6.9,5.6,-0.5,2.3,sun,December,2013
712,2013-12-13,0.5,9.4,5.6,2.9,fog,December,2013
713,2013-12-14,0.0,9.4,6.1,3.7,sun,December,2013
714,2013-12-15,1.3,11.7,8.3,3.9,fog,December,2013
715,2013-12-16,0.3,10.0,4.4,1.0,sun,December,2013
716,2013-12-17,0.0,8.3,4.4,2.7,sun,December,2013
717,2013-12-18,1.3,7.8,2.2,2.8,fog,December,2013
718,2013-12-19,0.0,5.0,0.0,2.1,sun,December,2013
719,2013-12-20,5.6,8.3,0.6,3.7,fog,December,2013
720,2013-12-21,5.6,8.9,5.6,2.3,fog,December,2013
721,2013-12-22,10.7,10.6,8.3,4.0,fog,December,2013
722,2013-12-23,1.5,11.7,6.1,5.9,fog,December,2013
723,2013-12-24,0.0,8.3,2.8,1.7,sun,December,2013
724,2013-12-25,0.0,6.7,1.7,0.8,sun,December,2013
725,2013-12-26,0.0,6.7,0.6,0.5,sun,December,2013
726,2013-12-27,0.3,8.9,0.0,2.1,fog,December,2013
727,2013-12-28,0.0,9.4,3.3,1.3,sun,December,2013
728,2013-12-29,0.0,7.2,1.7,1.1,sun,December,2013
729,2013-12-30,0.3,8.9,4.4,2.6,sun,December,2013
730,2013-12-31,0.5,8.3,5.0,1.7,sun,December,2013
731,2014-01-01,0.0,7.2,3.3,1.2,sun,January,2014
732,2014-01-02,4.1,10.6,6.1,3.2,sun,January,2014
733,2014-01-03,1.5,8.9,2.8,2.6,fog,January,2014
734,2014-01-04,0.0,7.8,0.6,2.7,fog,January,2014
735,2014-01-05,0.0,8.3,-0.5,3.7,sun,January,2014
736,2014-01-06,0.3,7.8,-0.5,2.6,fog,January,2014
737,2014-01-07,12.2,8.3,5.0,1.6,sun,January,2014
738,2014-01-08,9.7,10.0,7.2,4.6,fog,January,2014
739,2014-01-09,5.8,9.4,5.6,6.3,fog,January,2014
740,2014-01-10,4.3,12.8,8.3,7.0,sun,January,2014
741,2014-01-11,21.3,14.4,7.2,8.8,fog,January,2014
742,2014-01-12,1.5,11.1,5.6,8.1,fog,January,2014
743,2014-01-13,0.0,10.6,10.0,7.1,sun,January,2014
744,2014-01-14,0.0,11.1,7.2,1.3,sun,January,2014
745,2014-01-15,0.0,11.1,5.6,2.5,sun,January,2014
746,2014-01-16,0.0,6.7,4.4,2.7,sun,January,2014
747,2014-01-17,0.0,5.6,2.8,2.3,sun,January,2014
748,2014-01-18,0.0,9.4,0.6,2.2,sun,January,2014
749,2014-01-19,0.0,6.1,3.3,2.5,sun,January,2014
750,2014-01-20,0.0,10.0,2.8,2.2,sun,January,2014
751,2014-01-21,0.0,10.0,1.7,1.5,sun,January,2014
752,2014-01-22,0.5,9.4,5.6,2.6,sun,January,2014
753,2014-01-23,0.0,10.0,2.8,5.2,fog,January,2014
754,2014-01-24,0.0,12.8,1.1,1.9,sun,January,2014
755,2014-01-25,0.0,12.2,1.1,0.8,sun,January,2014
756,2014-01-26,0.0,8.3,0.6,1.3,sun,January,2014
757,2014-01-27,0.0,9.4,1.7,1.3,sun,January,2014
758,2014-01-28,8.9,11.1,6.1,1.6,fog,January,2014
759,2014-01-29,21.6,11.1,7.2,3.4,fog,January,2014
760,2014-01-30,0.0,8.3,6.1,6.4,sun,January,2014
761,2014-01-31,2.3,7.8,5.6,2.6,fog,January,2014
762,2014-02-01,2.0,7.8,2.8,0.8,sun,February,2014
763,2014-02-02,0.0,8.9,1.1,2.5,sun,February,2014
764,2014-02-03,0.0,5.0,0.0,4.3,sun,February,2014
765,2014-02-04,0.0,2.8,-2.1,4.7,sun,February,2014
766,2014-02-05,0.0,-0.5,-5.5,6.6,sun,February,2014
767,2014-02-06,0.0,-1.6,-6.0,4.5,sun,February,2014
768,2014-02-07,0.0,3.3,-4.9,4.2,sun,February,2014
769,2014-02-08,5.1,5.6,-0.5,4.6,fog,February,2014
770,2014-02-09,0.5,3.9,0.0,2.4,fog,February,2014
771,2014-02-10,18.3,10.0,2.2,4.7,fog,February,2014
772,2014-02-11,17.0,12.2,5.6,3.8,fog,February,2014
773,2014-02-12,4.6,12.2,7.2,6.4,fog,February,2014
774,2014-02-13,1.8,12.8,7.8,6.3,fog,February,2014
775,2014-02-14,9.4,11.7,6.1,6.4,fog,February,2014
776,2014-02-15,11.7,11.1,5.0,5.1,fog,February,2014
777,2014-02-16,26.4,9.4,3.9,7.9,fog,February,2014
778,2014-02-17,14.5,8.3,4.4,5.5,fog,February,2014
779,2014-02-18,15.2,8.9,5.0,6.2,fog,February,2014
780,2014-02-19,1.0,8.3,3.9,6.0,sun,February,2014
781,2014-02-20,3.0,10.0,5.6,6.9,fog,February,2014
782,2014-02-21,2.8,6.7,3.9,2.9,fog,February,2014
783,2014-02-22,2.5,5.6,2.8,3.1,fog,February,2014
784,2014-02-23,6.1,7.2,3.9,2.6,fog,February,2014
785,2014-02-24,13.0,6.7,3.3,3.2,fog,February,2014
786,2014-02-25,0.3,12.2,3.9,4.5,fog,February,2014
787,2014-02-26,0.0,13.9,5.6,2.5,sun,February,2014
788,2014-02-27,0.0,12.8,4.4,2.3,sun,February,2014
789,2014-02-28,0.0,14.4,4.4,5.9,sun,February,2014
790,2014-03-01,0.5,7.2,4.4,4.7,sun,March,2014
791,2014-03-02,19.1,11.1,2.8,5.7,fog,March,2014
792,2014-03-03,10.7,14.4,8.9,5.1,fog,March,2014
793,2014-03-04,16.5,13.9,7.8,3.9,fog,March,2014
794,2014-03-05,46.7,15.6,10.6,3.9,fog,March,2014
795,2014-03-06,3.0,13.3,10.0,6.2,fog,March,2014
796,2014-03-07,0.0,15.6,8.9,4.2,sun,March,2014
797,2014-03-08,32.3,12.8,6.7,2.7,fog,March,2014
798,2014-03-09,4.3,15.0,9.4,4.3,fog,March,2014
799,2014-03-10,18.8,12.2,6.1,2.2,fog,March,2014
800,2014-03-11,0.0,14.4,4.4,2.3,fog,March,2014
801,2014-03-12,0.0,16.1,3.3,1.9,fog,March,2014
802,2014-03-13,0.5,13.9,5.0,2.5,fog,March,2014
803,2014-03-14,6.9,14.4,8.3,6.1,fog,March,2014
804,2014-03-15,8.1,16.7,4.4,3.0,fog,March,2014
805,2014-03-16,27.7,10.6,4.4,3.8,fog,March,2014
806,2014-03-17,0.3,10.0,2.8,3.2,fog,March,2014
807,2014-03-18,0.0,10.0,3.3,1.6,sun,March,2014
808,2014-03-19,0.5,11.1,3.3,5.1,sun,March,2014
809,2014-03-20,0.0,11.1,1.7,3.0,sun,March,2014
810,2014-03-21,0.0,10.6,2.8,3.8,sun,March,2014
811,2014-03-22,0.0,11.1,1.1,1.8,sun,March,2014
812,2014-03-23,0.0,12.8,4.4,3.3,sun,March,2014
813,2014-03-24,0.0,18.9,2.8,2.2,sun,March,2014
814,2014-03-25,4.1,13.9,6.7,4.4,fog,March,2014
815,2014-03-26,3.6,11.1,5.6,2.4,fog,March,2014
816,2014-03-27,0.3,12.2,6.7,2.8,fog,March,2014
817,2014-03-28,22.1,11.7,7.2,3.9,fog,March,2014
818,2014-03-29,14.0,11.7,7.2,5.1,fog,March,2014
819,2014-03-30,0.0,11.1,5.0,5.1,sun,March,2014
820,2014-03-31,0.0,15.6,2.2,3.8,sun,March,2014
821,2014-04-01,0.0,14.4,6.7,2.8,sun,April,2014
822,2014-04-02,0.0,14.4,5.6,4.2,sun,April,2014
823,2014-04-03,2.5,13.3,6.1,3.9,sun,April,2014
824,2014-04-04,0.0,12.8,6.1,4.7,sun,April,2014
825,2014-04-05,4.6,11.7,7.8,4.3,fog,April,2014
826,2014-04-06,0.0,13.9,8.3,2.6,sun,April,2014
827,2014-04-07,0.0,21.1,9.4,2.5,sun,April,2014
828,2014-04-08,4.6,15.6,8.3,4.2,fog,April,2014
829,2014-04-09,0.0,14.4,6.7,2.9,sun,April,2014
830,2014-04-10,0.0,15.0,6.7,3.6,sun,April,2014
831,2014-04-11,0.0,17.2,5.0,2.8,sun,April,2014
832,2014-04-12,0.0,16.1,7.8,4.4,sun,April,2014
833,2014-04-13,0.0,20.6,5.6,3.1,sun,April,2014
834,2014-04-14,0.0,20.0,5.6,2.6,sun,April,2014
835,2014-04-15,0.5,14.4,7.8,4.0,sun,April,2014
836,2014-04-16,10.9,11.1,8.9,4.6,fog,April,2014
837,2014-04-17,18.5,11.7,7.2,4.7,fog,April,2014
838,2014-04-18,0.0,14.4,5.6,3.8,sun,April,2014
839,2014-04-19,13.7,11.7,5.6,4.7,fog,April,2014
840,2014-04-20,0.0,15.6,5.6,2.7,sun,April,2014
841,2014-04-21,5.1,17.2,7.8,2.5,fog,April,2014
842,2014-04-22,14.2,12.2,5.0,4.2,fog,April,2014
843,2014-04-23,8.9,11.7,6.1,5.0,fog,April,2014
844,2014-04-24,12.4,13.9,6.1,5.3,fog,April,2014
845,2014-04-25,0.0,14.4,5.6,2.3,sun,April,2014
846,2014-04-26,3.3,15.0,5.6,3.9,sun,April,2014
847,2014-04-27,6.9,11.1,6.1,5.8,fog,April,2014
848,2014-04-28,0.0,16.1,4.4,2.6,sun,April,2014
849,2014-04-29,0.0,25.0,9.4,2.3,sun,April,2014
850,2014-04-30,0.0,27.8,9.4,3.9,sun,April,2014
851,2014-05-01,0.0,29.4,11.1,3.0,sun,May,2014
852,2014-05-02,0.0,18.3,10.6,4.7,sun,May,2014
853,2014-05-03,33.3,15.0,8.9,3.4,fog,May,2014
854,2014-05-04,16.0,14.4,8.9,4.2,fog,May,2014
855,2014-05-05,5.1,15.6,9.4,3.8,fog,May,2014
856,2014-05-06,0.0,16.7,8.3,2.6,sun,May,2014
857,2014-05-07,0.0,18.3,7.2,1.7,sun,May,2014
858,2014-05-08,13.7,13.9,9.4,3.4,fog,May,2014
859,2014-05-09,2.0,13.3,7.2,5.6,sun,May,2014
860,2014-05-10,0.5,15.6,7.2,2.1,fog,May,2014
861,2014-05-11,0.0,18.9,8.3,1.7,sun,May,2014
862,2014-05-12,0.0,24.4,9.4,2.7,sun,May,2014
863,2014-05-13,0.0,26.7,12.8,3.8,sun,May,2014
864,2014-05-14,0.0,27.8,13.3,3.3,sun,May,2014
865,2014-05-15,0.0,26.7,12.8,3.0,sun,May,2014
866,2014-05-16,0.0,20.0,11.7,4.1,sun,May,2014
867,2014-05-17,0.0,20.0,11.7,3.2,sun,May,2014
868,2014-05-18,0.0,20.0,10.6,3.2,sun,May,2014
869,2014-05-19,0.0,21.1,10.0,2.2,sun,May,2014
870,2014-05-20,0.0,22.2,10.0,2.7,sun,May,2014
871,2014-05-21,0.0,20.0,10.6,1.7,sun,May,2014
872,2014-05-22,0.0,24.4,11.7,2.5,sun,May,2014
873,2014-05-23,3.8,20.0,12.8,4.0,fog,May,2014
874,2014-05-24,0.0,18.3,11.1,2.4,sun,May,2014
875,2014-05-25,5.6,15.0,10.6,1.4,fog,May,2014
876,2014-05-26,0.0,18.3,11.1,4.5,sun,May,2014
877,2014-05-27,0.0,20.0,10.0,2.5,sun,May,2014
878,2014-05-28,0.0,18.9,10.0,3.4,sun,May,2014
879,2014-05-29,0.0,18.9,11.1,4.3,sun,May,2014
880,2014-05-30,0.0,20.6,8.9,4.5,sun,May,2014
881,2014-05-31,0.0,23.3,10.0,2.2,sun,May,2014
882,2014-06-01,0.0,22.2,10.6,2.3,sun,June,2014
883,2014-06-02,0.0,23.3,11.1,2.4,sun,June,2014
884,2014-06-03,0.0,18.3,11.1,3.2,sun,June,2014
885,2014-06-04,0.0,19.4,10.0,2.6,sun,June,2014
886,2014-06-05,0.0,22.2,10.0,2.4,sun,June,2014
887,2014-06-06,0.0,25.0,10.6,3.2,sun,June,2014
888,2014-06-07,0.0,24.4,13.3,3.1,sun,June,2014
889,2014-06-08,0.0,23.3,12.2,2.1,sun,June,2014
890,2014-06-09,0.0,21.1,13.3,3.6,sun,June,2014
891,2014-06-10,0.0,20.0,12.2,2.9,sun,June,2014
892,2014-06-11,0.0,23.9,11.1,2.7,sun,June,2014
893,2014-06-12,1.8,21.7,12.2,4.0,sun,June,2014
894,2014-06-13,6.4,15.6,11.1,5.0,fog,June,2014
895,2014-06-14,0.0,17.8,11.7,3.2,sun,June,2014
896,2014-06-15,0.5,18.3,10.0,3.6,fog,June,2014
897,2014-06-16,3.6,17.8,8.9,2.4,fog,June,2014
898,2014-06-17,1.3,17.8,10.0,3.0,fog,June,2014
899,2014-06-18,0.0,18.9,11.1,2.7,sun,June,2014
900,2014-06-19,0.8,25.6,11.7,3.7,sun,June,2014
901,2014-06-20,0.3,20.0,10.0,3.4,sun,June,2014
902,2014-06-21,0.0,22.2,10.6,3.6,sun,June,2014
903,2014-06-22,0.0,25.0,11.1,2.7,sun,June,2014
904,2014-06-23,0.0,25.0,13.3,2.5,sun,June,2014
905,2014-06-24,0.0,24.4,14.4,2.5,sun,June,2014
906,2014-06-25,0.0,26.1,13.9,2.4,sun,June,2014
907,2014-06-26,0.0,21.1,14.4,4.1,sun,June,2014
908,2014-06-27,1.8,21.1,13.9,4.5,fog,June,2014
909,2014-06-28,2.3,20.0,13.3,4.3,fog,June,2014
910,2014-06-29,0.0,20.6,12.8,3.2,sun,June,2014
911,2014-06-30,0.0,25.6,12.8,4.4,sun,June,2014
912,2014-07-01,0.0,34.4,15.6,3.5,sun,July,2014
913,2014-07-02,0.0,27.2,14.4,3.6,sun,July,2014
914,2014-07-03,0.0,21.7,13.9,3.1,sun,July,2014
915,2014-07-04,0.0,23.9,13.9,3.6,sun,July,2014
916,2014-07-05,0.0,24.4,13.3,2.2,fog,July,2014
917,2014-07-06,0.0,28.9,15.0,3.0,sun,July,2014
918,2014-07-07,0.0,27.2,17.8,4.1,fog,July,2014
919,2014-07-08,0.0,30.0,15.6,3.5,sun,July,2014
920,2014-07-09,0.0,26.7,13.9,2.3,sun,July,2014
921,2014-07-10,0.0,28.9,12.8,2.2,fog,July,2014
922,2014-07-11,0.0,31.1,15.0,2.2,sun,July,2014
923,2014-07-12,0.0,32.2,16.7,2.2,sun,July,2014
924,2014-07-13,0.0,29.4,15.0,2.6,rain,July,2014
925,2014-07-14,0.0,27.8,15.0,2.8,sun,July,2014
926,2014-07-15,0.0,31.1,13.9,2.3,sun,July,2014
927,2014-07-16,0.0,31.1,14.4,2.4,sun,July,2014
928,2014-07-17,0.0,26.7,13.9,3.7,sun,July,2014
929,2014-07-18,0.0,23.9,11.7,2.8,sun,July,2014
930,2014-07-19,0.0,25.6,15.0,5.4,fog,July,2014
931,2014-07-20,0.0,19.4,14.4,2.8,sun,July,2014
932,2014-07-21,0.0,23.9,13.3,2.2,sun,July,2014
933,2014-07-22,0.3,21.1,13.3,1.1,fog,July,2014
934,2014-07-23,19.3,18.9,13.3,3.3,sun,July,2014
935,2014-07-24,0.0,20.6,12.8,4.7,sun,July,2014
936,2014-07-25,0.0,22.8,12.2,2.7,sun,July,2014
937,2014-07-26,0.0,26.1,13.3,3.6,sun,July,2014
938,2014-07-27,0.0,28.3,15.0,4.1,sun,July,2014
939,2014-07-28,0.0,30.6,15.0,3.7,sun,July,2014
940,2014-07-29,0.0,30.0,15.6,2.8,sun,July,2014
941,2014-07-30,0.0,29.4,14.4,3.4,sun,July,2014
942,2014-07-31,0.0,30.6,17.8,4.1,sun,July,2014
943,2014-08-01,0.0,28.9,15.0,3.3,sun,August,2014
944,2014-08-02,0.5,29.4,15.6,1.7,sun,August,2014
945,2014-08-03,0.0,31.7,14.4,2.6,sun,August,2014
946,2014-08-04,0.0,32.8,16.1,2.6,sun,August,2014
947,2014-08-05,0.0,25.0,13.9,2.7,sun,August,2014
948,2014-08-06,0.0,26.1,15.0,2.2,fog,August,2014
949,2014-08-07,0.0,25.6,13.3,2.4,fog,August,2014
950,2014-08-08,0.0,25.6,13.3,2.9,sun,August,2014
951,2014-08-09,0.0,27.2,15.6,4.1,sun,August,2014
952,2014-08-10,0.0,30.6,13.9,3.4,sun,August,2014
953,2014-08-11,0.5,35.6,17.8,2.6,rain,August,2014
954,2014-08-12,12.7,27.2,17.2,3.1,fog,August,2014
955,2014-08-13,21.6,23.3,15.0,2.7,fog,August,2014
956,2014-08-14,0.0,21.1,17.2,0.6,sun,August,2014
957,2014-08-15,1.0,24.4,16.7,1.5,fog,August,2014
958,2014-08-16,0.0,25.6,15.6,2.2,sun,August,2014
959,2014-08-17,0.0,27.8,15.0,2.8,sun,August,2014
960,2014-08-18,0.0,29.4,15.6,3.3,sun,August,2014
961,2014-08-19,0.0,27.2,15.6,2.4,sun,August,2014
962,2014-08-20,0.0,21.7,13.9,3.6,sun,August,2014
963,2014-08-21,0.0,21.1,11.1,1.7,sun,August,2014
964,2014-08-22,0.0,23.9,13.3,2.9,sun,August,2014
965,2014-08-23,0.0,27.8,13.9,2.0,sun,August,2014
966,2014-08-24,0.0,25.0,13.3,2.3,sun,August,2014
967,2014-08-25,0.0,28.9,14.4,2.0,sun,August,2014
968,2014-08-26,0.0,31.1,15.6,1.8,sun,August,2014
969,2014-08-27,0.0,28.9,16.1,1.6,sun,August,2014
970,2014-08-28,0.0,23.3,14.4,2.3,sun,August,2014
971,2014-08-29,0.0,22.8,15.0,3.4,sun,August,2014
972,2014-08-30,8.4,17.8,15.0,2.2,fog,August,2014
973,2014-08-31,1.3,21.1,13.9,1.9,fog,August,2014
974,2014-09-01,0.0,23.3,12.8,2.5,sun,September,2014
975,2014-09-02,3.0,20.0,13.9,4.3,fog,September,2014
976,2014-09-03,0.0,20.6,12.8,2.7,sun,September,2014
977,2014-09-04,0.0,23.9,11.1,3.1,fog,September,2014
978,2014-09-05,0.0,27.8,13.9,6.5,fog,September,2014
979,2014-09-06,0.0,32.2,15.0,2.9,sun,September,2014
980,2014-09-07,0.0,28.3,13.3,2.1,sun,September,2014
981,2014-09-08,0.0,21.1,13.3,2.8,sun,September,2014
982,2014-09-09,0.0,21.7,13.3,2.3,sun,September,2014
983,2014-09-10,0.0,22.2,12.2,3.9,sun,September,2014
984,2014-09-11,0.0,24.4,12.8,5.3,sun,September,2014
985,2014-09-12,0.0,24.4,12.8,5.9,sun,September,2014
986,2014-09-13,0.0,28.3,10.0,4.2,sun,September,2014
987,2014-09-14,0.0,30.0,11.7,1.8,sun,September,2014
988,2014-09-15,0.0,30.6,12.2,1.2,sun,September,2014
989,2014-09-16,0.0,22.2,13.9,2.8,sun,September,2014
990,2014-09-17,0.5,22.8,14.4,2.3,sun,September,2014
991,2014-09-18,0.3,19.4,15.0,3.1,fog,September,2014
992,2014-09-19,0.0,23.9,16.1,2.8,sun,September,2014
993,2014-09-20,0.0,24.4,14.4,4.4,fog,September,2014
994,2014-09-21,0.0,26.1,12.8,3.0,sun,September,2014
995,2014-09-22,0.3,22.2,15.0,2.1,fog,September,2014
996,2014-09-23,18.3,18.9,14.4,2.5,fog,September,2014
997,2014-09-24,20.3,18.9,14.4,2.7,fog,September,2014
998,2014-09-25,4.3,21.7,14.4,2.5,fog,September,2014
999,2014-09-26,8.9,20.0,13.9,3.3,fog,September,2014
1000,2014-09-27,0.0,20.6,11.7,3.2,fog,September,2014
1001,2014-09-28,0.0,18.9,12.2,2.0,fog,September,2014
1002,2014-09-29,0.8,16.7,11.1,3.5,fog,September,2014
1003,2014-09-30,0.0,19.4,12.2,2.6,sun,September,2014
1004,2014-10-01,0.0,18.3,11.1,2.1,sun,October,2014
1005,2014-10-02,0.0,19.4,10.0,2.0,sun,October,2014
1006,2014-10-03,0.0,22.2,8.9,1.0,sun,October,2014
1007,2014-10-04,0.0,21.7,12.2,1.2,sun,October,2014
1008,2014-10-05,0.0,23.9,11.7,1.4,fog,October,2014
1009,2014-10-06,0.0,25.6,13.3,2.5,fog,October,2014
1010,2014-10-07,0.0,18.9,13.9,1.0,fog,October,2014
1011,2014-10-08,0.0,20.6,12.8,1.8,fog,October,2014
1012,2014-10-09,0.0,17.2,11.1,1.0,fog,October,2014
1013,2014-10-10,0.3,18.3,10.0,3.8,fog,October,2014
1014,2014-10-11,7.4,18.3,11.7,3.5,rain,October,2014
1015,2014-10-12,0.0,17.8,11.7,2.1,sun,October,2014
1016,2014-10-13,7.6,21.1,10.0,3.1,fog,October,2014
1017,2014-10-14,7.1,16.7,11.7,2.2,fog,October,2014
1018,2014-10-15,8.6,16.1,11.7,4.7,fog,October,2014
1019,2014-10-16,0.0,20.6,11.1,3.3,sun,October,2014
1020,2014-10-17,3.3,16.7,11.7,3.0,fog,October,2014
1021,2014-10-18,15.0,19.4,13.9,1.9,fog,October,2014
1022,2014-10-19,0.0,22.2,12.8,3.2,sun,October,2014
1023,2014-10-20,11.7,16.1,12.2,3.1,fog,October,2014
1024,2014-10-21,1.0,16.1,11.7,4.7,sun,October,2014
1025,2014-10-22,32.0,15.6,11.7,5.0,fog,October,2014
1026,2014-10-23,9.4,14.4,8.3,4.6,sun,October,2014
1027,2014-10-24,4.1,14.4,8.9,3.2,sun,October,2014
1028,2014-10-25,6.1,16.7,8.3,5.4,fog,October,2014
1029,2014-10-26,1.5,12.8,7.8,5.0,fog,October,2014
1030,2014-10-27,0.8,15.6,6.7,2.4,sun,October,2014
1031,2014-10-28,12.7,15.0,9.4,3.9,fog,October,2014
1032,2014-10-29,0.5,16.7,11.7,3.1,fog,October,2014
1033,2014-10-30,25.4,15.6,11.1,3.2,fog,October,2014
1034,2014-10-31,17.0,12.8,8.3,2.0,fog,October,2014
1035,2014-11-01,0.0,11.1,7.2,1.2,fog,November,2014
1036,2014-11-02,1.8,13.3,7.2,2.9,fog,November,2014
1037,2014-11-03,10.9,13.9,11.1,4.8,fog,November,2014
1038,2014-11-04,4.1,14.4,10.6,3.3,fog,November,2014
1039,2014-11-05,4.8,15.0,10.6,2.1,fog,November,2014
1040,2014-11-06,4.1,16.7,10.6,6.7,fog,November,2014
1041,2014-11-07,0.0,14.4,7.2,2.3,sun,November,2014
1042,2014-11-08,0.0,12.8,3.9,0.8,fog,November,2014
1043,2014-11-09,5.1,13.3,7.8,3.0,fog,November,2014
1044,2014-11-10,0.0,11.1,5.6,3.9,sun,November,2014
1045,2014-11-11,0.0,7.8,1.1,7.7,sun,November,2014
1046,2014-11-12,0.0,6.7,0.0,7.6,sun,November,2014
1047,2014-11-13,0.0,7.2,0.6,4.7,sun,November,2014
1048,2014-11-14,0.0,7.2,-2.1,4.5,sun,November,2014
1049,2014-11-15,0.0,8.3,-1.6,4.2,sun,November,2014
1050,2014-11-16,0.0,9.4,-2.1,4.2,sun,November,2014
1051,2014-11-17,0.0,10.6,-2.1,1.9,sun,November,2014
1052,2014-11-18,0.0,7.2,-0.5,0.9,sun,November,2014
1053,2014-11-19,0.0,11.1,2.2,1.9,sun,November,2014
1054,2014-11-20,3.6,11.1,5.6,2.1,fog,November,2014
1055,2014-11-21,15.2,11.1,8.3,4.7,fog,November,2014
1056,2014-11-22,0.5,9.4,6.7,4.7,sun,November,2014
1057,2014-11-23,11.9,12.8,5.6,5.1,fog,November,2014
1058,2014-11-24,1.3,11.7,4.4,3.8,fog,November,2014
1059,2014-11-25,18.3,13.9,9.4,4.5,fog,November,2014
1060,2014-11-26,0.3,15.0,12.2,3.9,sun,November,2014
1061,2014-11-27,3.3,14.4,11.7,6.6,fog,November,2014
1062,2014-11-28,34.3,12.8,3.3,5.8,fog,November,2014
1063,2014-11-29,3.6,4.4,-4.3,5.3,fog,November,2014
1064,2014-11-30,0.0,2.8,-4.9,4.4,sun,November,2014
1065,2014-12-01,0.0,4.4,-3.2,2.2,sun,December,2014
1066,2014-12-02,0.0,5.6,-3.2,5.7,fog,December,2014
1067,2014-12-03,0.0,10.0,0.0,3.6,sun,December,2014
1068,2014-12-04,0.8,8.3,3.9,1.1,fog,December,2014
1069,2014-12-05,3.0,12.8,6.7,3.1,fog,December,2014
1070,2014-12-06,7.4,11.7,7.8,3.6,fog,December,2014
1071,2014-12-07,0.0,14.4,6.1,2.8,sun,December,2014
1072,2014-12-08,9.1,14.4,8.9,4.2,fog,December,2014
1073,2014-12-09,9.9,16.1,10.6,5.1,fog,December,2014
1074,2014-12-10,13.0,18.9,10.0,6.7,fog,December,2014
1075,2014-12-11,6.9,14.4,8.3,6.4,fog,December,2014
1076,2014-12-12,0.0,11.1,7.2,3.7,sun,December,2014
1077,2014-12-13,0.0,10.0,3.9,1.1,fog,December,2014
1078,2014-12-14,0.0,12.8,1.7,3.5,fog,December,2014
1079,2014-12-15,0.0,12.2,6.7,5.9,sun,December,2014
1080,2014-12-16,0.0,10.0,8.3,4.0,sun,December,2014
1081,2014-12-17,2.8,8.9,6.1,1.6,fog,December,2014
1082,2014-12-18,13.0,9.4,6.7,3.1,fog,December,2014
1083,2014-12-19,3.0,11.1,7.2,4.3,sun,December,2014
1084,2014-12-20,19.6,12.8,6.7,5.5,fog,December,2014
1085,2014-12-21,0.0,12.8,10.0,5.2,sun,December,2014
1086,2014-12-22,0.0,10.6,6.1,1.5,sun,December,2014
1087,2014-12-23,20.6,12.2,5.0,3.8,fog,December,2014
1088,2014-12-24,5.3,7.2,3.9,1.8,fog,December,2014
1089,2014-12-25,0.0,7.8,2.8,2.2,fog,December,2014
1090,2014-12-26,0.0,5.6,1.7,1.2,fog,December,2014
1091,2014-12-27,3.3,9.4,4.4,4.9,fog,December,2014
1092,2014-12-28,4.1,6.7,2.8,1.8,fog,December,2014
1093,2014-12-29,0.0,6.1,0.6,4.3,fog,December,2014
1094,2014-12-30,0.0,3.3,-2.1,3.6,sun,December,2014
1095,2014-12-31,0.0,3.3,-2.7,3.0,sun,December,2014
1096,2015-01-01,0.0,5.6,-3.2,1.2,sun,January,2015
1097,2015-01-02,1.5,5.6,0.0,2.3,fog,January,2015
1098,2015-01-03,0.0,5.0,1.7,1.7,fog,January,2015
1099,2015-01-04,10.2,10.6,3.3,4.5,fog,January,2015
1100,2015-01-05,8.1,12.2,9.4,6.4,fog,January,2015
1101,2015-01-06,0.0,12.2,6.1,1.3,fog,January,2015
1102,2015-01-07,0.0,7.8,5.6,1.6,fog,January,2015
1103,2015-01-08,0.0,7.8,1.7,2.6,fog,January,2015
1104,2015-01-09,0.3,10.0,3.3,0.6,fog,January,2015
1105,2015-01-10,5.8,7.8,6.1,0.5,fog,January,2015
1106,2015-01-11,1.5,9.4,7.2,1.1,fog,January,2015
1107,2015-01-12,0.0,11.1,4.4,1.6,fog,January,2015
1108,2015-01-13,0.0,9.4,2.8,2.7,fog,January,2015
1109,2015-01-14,0.0,6.1,0.6,2.8,fog,January,2015
1110,2015-01-15,9.7,7.8,1.1,3.2,fog,January,2015
1111,2015-01-16,0.0,11.7,5.6,4.5,fog,January,2015
1112,2015-01-17,26.2,13.3,3.3,2.8,fog,January,2015
1113,2015-01-18,21.3,13.9,7.2,6.6,rain,January,2015
1114,2015-01-19,0.5,10.0,6.1,2.8,sun,January,2015
1115,2015-01-20,0.0,10.0,3.3,3.0,fog,January,2015
1116,2015-01-21,0.0,7.2,-0.5,1.3,fog,January,2015
1117,2015-01-22,0.8,9.4,6.1,1.3,fog,January,2015
1118,2015-01-23,5.8,12.2,8.3,2.6,fog,January,2015
1119,2015-01-24,0.5,14.4,11.1,3.3,fog,January,2015
1120,2015-01-25,0.0,17.2,7.2,1.4,fog,January,2015
1121,2015-01-26,0.0,16.1,6.1,2.2,fog,January,2015
1122,2015-01-27,0.8,11.1,8.3,2.0,fog,January,2015
1123,2015-01-28,0.0,12.2,5.0,1.8,fog,January,2015
1124,2015-01-29,0.0,12.2,3.3,2.9,sun,January,2015
1125,2015-01-30,0.0,8.3,1.1,0.8,fog,January,2015
1126,2015-01-31,0.0,7.2,3.3,1.9,fog,January,2015
1127,2015-02-01,1.5,9.4,4.4,2.6,fog,February,2015
1128,2015-02-02,7.4,11.1,5.0,4.0,fog,February,2015
1129,2015-02-03,1.3,10.0,5.6,1.9,fog,February,2015
1130,2015-02-04,8.4,10.6,4.4,1.7,fog,February,2015
1131,2015-02-05,26.2,13.3,8.3,4.6,fog,February,2015
1132,2015-02-06,17.3,14.4,10.0,4.5,fog,February,2015
1133,2015-02-07,23.6,12.2,9.4,4.6,fog,February,2015
1134,2015-02-08,3.6,15.0,8.3,3.9,fog,February,2015
1135,2015-02-09,6.1,13.3,8.3,2.5,fog,February,2015
1136,2015-02-10,0.3,12.8,8.3,4.0,fog,February,2015
1137,2015-02-11,0.0,12.8,5.6,1.0,fog,February,2015
1138,2015-02-12,1.0,16.7,9.4,2.1,sun,February,2015
1139,2015-02-13,0.0,15.6,6.7,1.7,fog,February,2015
1140,2015-02-14,0.3,14.4,6.7,2.9,fog,February,2015
1141,2015-02-15,0.0,12.2,3.9,4.8,sun,February,2015
1142,2015-02-16,0.0,15.0,5.6,6.6,fog,February,2015
1143,2015-02-17,0.0,16.1,4.4,4.0,sun,February,2015
1144,2015-02-18,0.0,12.2,4.4,2.6,sun,February,2015
1145,2015-02-19,4.6,10.6,8.3,2.2,fog,February,2015
1146,2015-02-20,0.8,11.1,7.2,0.9,fog,February,2015
1147,2015-02-21,0.0,12.2,5.6,4.5,sun,February,2015
1148,2015-02-22,0.0,11.7,3.3,4.2,sun,February,2015
1149,2015-02-23,0.0,12.8,0.6,1.4,sun,February,2015
1150,2015-02-24,0.0,11.1,2.2,1.5,sun,February,2015
1151,2015-02-25,4.1,10.0,6.7,1.0,fog,February,2015
1152,2015-02-26,9.4,11.7,7.8,1.4,fog,February,2015
1153,2015-02-27,18.3,10.0,6.7,4.0,fog,February,2015
1154,2015-02-28,0.0,12.2,3.3,5.1,sun,February,2015
1155,2015-03-01,0.0,11.1,1.1,2.2,sun,March,2015
1156,2015-03-02,0.0,11.1,4.4,4.8,sun,March,2015
1157,2015-03-03,0.0,10.6,0.0,2.1,sun,March,2015
1158,2015-03-04,0.0,12.8,-0.5,1.8,sun,March,2015
1159,2015-03-05,0.0,13.3,2.8,1.3,sun,March,2015
1160,2015-03-06,0.0,15.0,3.3,1.4,sun,March,2015
1161,2015-03-07,0.0,16.7,3.9,2.7,fog,March,2015
1162,2015-03-08,0.0,17.2,3.9,1.7,fog,March,2015
1163,2015-03-09,0.0,14.4,4.4,1.8,fog,March,2015
1164,2015-03-10,0.8,13.3,5.0,2.6,fog,March,2015
1165,2015-03-11,2.5,14.4,8.9,3.1,fog,March,2015
1166,2015-03-12,0.0,17.8,9.4,3.2,sun,March,2015
1167,2015-03-13,2.0,17.2,7.8,2.2,sun,March,2015
1168,2015-03-14,17.0,13.9,9.4,3.8,fog,March,2015
1169,2015-03-15,55.9,10.6,6.1,4.2,fog,March,2015
1170,2015-03-16,1.0,13.9,6.1,3.0,fog,March,2015
1171,2015-03-17,0.8,13.3,4.4,2.6,sun,March,2015
1172,2015-03-18,0.0,15.6,7.2,2.5,sun,March,2015
1173,2015-03-19,0.0,15.6,8.3,1.9,sun,March,2015
1174,2015-03-20,4.1,13.9,8.9,1.9,sun,March,2015
1175,2015-03-21,3.8,13.3,8.3,4.7,fog,March,2015
1176,2015-03-22,1.0,11.7,6.1,2.3,sun,March,2015
1177,2015-03-23,8.1,11.1,5.6,2.8,fog,March,2015
1178,2015-03-24,7.6,12.8,6.1,3.9,fog,March,2015
1179,2015-03-25,5.1,14.4,7.2,4.4,fog,March,2015
1180,2015-03-26,0.0,20.6,10.0,2.2,sun,March,2015
1181,2015-03-27,1.0,18.3,8.9,4.0,fog,March,2015
1182,2015-03-28,0.0,15.6,9.4,5.7,sun,March,2015
1183,2015-03-29,0.0,15.6,8.9,3.0,sun,March,2015
1184,2015-03-30,1.8,17.8,10.6,2.9,fog,March,2015
1185,2015-03-31,1.0,12.8,6.1,4.2,fog,March,2015
1186,2015-04-01,5.1,12.8,5.6,3.2,rain,April,2015
1187,2015-04-02,0.0,13.3,5.6,2.4,sun,April,2015
1188,2015-04-03,1.5,11.1,5.0,3.6,fog,April,2015
1189,2015-04-04,0.0,12.8,3.9,1.7,sun,April,2015
1190,2015-04-05,0.0,16.7,2.8,2.4,sun,April,2015
1191,2015-04-06,1.0,13.9,6.7,3.5,sun,April,2015
1192,2015-04-07,0.5,14.4,6.7,3.9,sun,April,2015
1193,2015-04-08,0.0,17.2,6.1,1.7,sun,April,2015
1194,2015-04-09,0.0,17.2,6.1,2.3,sun,April,2015
1195,2015-04-10,10.9,13.9,7.8,4.6,fog,April,2015
1196,2015-04-11,0.0,11.7,5.6,6.5,sun,April,2015
1197,2015-04-12,0.0,13.3,5.6,3.6,sun,April,2015
1198,2015-04-13,14.0,11.7,3.9,3.6,fog,April,2015
1199,2015-04-14,3.3,11.7,2.8,3.3,sun,April,2015
1200,2015-04-15,0.0,13.9,3.3,2.4,sun,April,2015
1201,2015-04-16,0.0,17.8,3.9,3.1,sun,April,2015
1202,2015-04-17,0.0,18.9,6.1,3.6,sun,April,2015
1203,2015-04-18,0.0,18.9,8.3,3.9,sun,April,2015
1204,2015-04-19,0.0,21.1,8.3,3.6,sun,April,2015
1205,2015-04-20,0.0,22.8,7.8,2.6,sun,April,2015
1206,2015-04-21,5.6,17.2,6.7,3.4,fog,April,2015
1207,2015-04-22,0.0,15.6,5.0,2.3,sun,April,2015
1208,2015-04-23,3.0,12.2,6.7,4.1,fog,April,2015
1209,2015-04-24,3.3,12.2,6.1,5.0,fog,April,2015
1210,2015-04-25,1.3,13.3,5.6,3.0,fog,April,2015
1211,2015-04-26,0.0,15.6,4.4,2.7,fog,April,2015
1212,2015-04-27,0.3,25.0,10.6,2.3,fog,April,2015
1213,2015-04-28,1.8,15.6,8.9,4.3,fog,April,2015
1214,2015-04-29,0.0,16.1,7.2,4.7,sun,April,2015
1215,2015-04-30,0.0,17.2,7.8,2.1,sun,April,2015
1216,2015-05-01,0.0,18.3,8.9,3.7,sun,May,2015
1217,2015-05-02,0.0,18.3,7.8,3.7,sun,May,2015
1218,2015-05-03,0.0,20.6,7.8,2.6,sun,May,2015
1219,2015-05-04,0.0,17.2,7.2,5.2,sun,May,2015
1220,2015-05-05,6.1,14.4,7.2,5.1,fog,May,2015
1221,2015-05-06,0.0,16.7,7.2,2.6,fog,May,2015
1222,2015-05-07,0.0,20.6,6.1,3.0,sun,May,2015
1223,2015-05-08,0.0,23.9,8.3,3.0,sun,May,2015
1224,2015-05-09,0.0,26.7,9.4,2.6,sun,May,2015
1225,2015-05-10,0.0,19.4,11.1,2.8,sun,May,2015
1226,2015-05-11,0.0,13.9,10.0,2.5,fog,May,2015
1227,2015-05-12,4.3,15.6,10.6,3.3,fog,May,2015
1228,2015-05-13,4.1,12.2,10.0,2.8,fog,May,2015
1229,2015-05-14,0.3,17.8,9.4,2.0,fog,May,2015
1230,2015-05-15,0.0,20.0,9.4,2.8,fog,May,2015
1231,2015-05-16,0.0,15.6,11.1,3.0,sun,May,2015
1232,2015-05-17,0.0,19.4,10.6,2.1,sun,May,2015
1233,2015-05-18,0.0,25.6,12.2,3.0,sun,May,2015
1234,2015-05-19,0.0,21.7,11.7,2.6,sun,May,2015
1235,2015-05-20,0.0,23.3,10.6,1.8,fog,May,2015
1236,2015-05-21,0.0,25.6,11.7,2.1,sun,May,2015
1237,2015-05-22,0.0,16.7,11.7,3.7,sun,May,2015
1238,2015-05-23,0.0,16.1,11.7,2.6,sun,May,2015
1239,2015-05-24,0.0,17.8,11.1,2.7,sun,May,2015
1240,2015-05-25,0.0,15.6,11.1,2.7,sun,May,2015
1241,2015-05-26,0.0,21.7,11.7,2.1,sun,May,2015
1242,2015-05-27,0.0,24.4,11.7,1.8,sun,May,2015
1243,2015-05-28,0.0,27.8,12.2,2.1,sun,May,2015
1244,2015-05-29,0.0,26.1,12.8,2.5,sun,May,2015
1245,2015-05-30,0.0,22.8,10.0,2.5,sun,May,2015
1246,2015-05-31,0.0,25.0,11.7,2.2,sun,May,2015
1247,2015-06-01,4.6,16.1,11.7,3.4,fog,June,2015
1248,2015-06-02,0.5,17.8,12.8,5.0,sun,June,2015
1249,2015-06-03,0.0,20.0,11.7,3.0,sun,June,2015
1250,2015-06-04,0.0,22.8,11.7,3.9,sun,June,2015
1251,2015-06-05,0.0,26.7,12.8,4.3,sun,June,2015
1252,2015-06-06,0.0,29.4,13.3,2.6,sun,June,2015
1253,2015-06-07,0.0,31.1,15.6,3.2,sun,June,2015
1254,2015-06-08,0.0,30.6,14.4,3.5,sun,June,2015
1255,2015-06-09,0.0,28.9,14.4,2.7,sun,June,2015
1256,2015-06-10,0.0,25.6,11.1,3.0,sun,June,2015
1257,2015-06-11,0.0,24.4,11.1,3.5,sun,June,2015
1258,2015-06-12,0.0,20.0,11.7,2.3,sun,June,2015
1259,2015-06-13,0.0,23.9,9.4,2.6,sun,June,2015
1260,2015-06-14,0.0,27.8,11.7,3.7,sun,June,2015
1261,2015-06-15,0.0,30.0,16.1,3.5,drizzle,June,2015
1262,2015-06-16,0.0,22.8,11.1,3.0,sun,June,2015
1263,2015-06-17,0.0,25.0,11.1,3.1,sun,June,2015
1264,2015-06-18,0.0,24.4,13.9,3.0,sun,June,2015
1265,2015-06-19,0.5,23.9,13.3,3.2,fog,June,2015
1266,2015-06-20,0.0,25.0,12.8,4.3,sun,June,2015
1267,2015-06-21,0.0,25.6,13.9,3.4,sun,June,2015
1268,2015-06-22,0.0,25.0,12.8,2.4,sun,June,2015
1269,2015-06-23,0.0,26.1,11.7,2.4,sun,June,2015
1270,2015-06-24,0.0,25.6,16.1,2.6,sun,June,2015
1271,2015-06-25,0.0,30.6,15.6,3.0,sun,June,2015
1272,2015-06-26,0.0,31.7,17.8,4.7,sun,June,2015
1273,2015-06-27,0.0,33.3,17.2,3.9,sun,June,2015
1274,2015-06-28,0.3,28.3,18.3,2.1,sun,June,2015
1275,2015-06-29,0.0,28.9,17.2,2.7,sun,June,2015
1276,2015-06-30,0.0,30.6,15.0,3.4,fog,June,2015
1277,2015-07-01,0.0,32.2,17.2,4.3,sun,July,2015
1278,2015-07-02,0.0,33.9,17.8,3.4,sun,July,2015
1279,2015-07-03,0.0,33.3,17.8,2.6,sun,July,2015
1280,2015-07-04,0.0,33.3,15.0,2.9,sun,July,2015
1281,2015-07-05,0.0,32.8,16.7,2.1,sun,July,2015
1282,2015-07-06,0.0,29.4,15.6,3.2,drizzle,July,2015
1283,2015-07-07,0.0,27.2,13.9,2.4,sun,July,2015
1284,2015-07-08,0.0,30.0,14.4,1.9,drizzle,July,2015
1285,2015-07-09,0.0,28.9,14.4,3.4,sun,July,2015
1286,2015-07-10,0.0,21.1,16.7,3.7,sun,July,2015
1287,2015-07-11,0.0,22.2,16.7,3.0,sun,July,2015
1288,2015-07-12,0.0,26.1,16.7,2.2,sun,July,2015
1289,2015-07-13,0.0,25.6,16.1,3.1,sun,July,2015
1290,2015-07-14,0.0,27.8,16.1,3.3,sun,July,2015
1291,2015-07-15,0.0,26.1,14.4,3.2,sun,July,2015
1292,2015-07-16,0.0,26.1,15.0,2.8,sun,July,2015
1293,2015-07-17,0.0,27.8,13.9,3.3,sun,July,2015
1294,2015-07-18,0.0,33.3,17.8,3.4,sun,July,2015
1295,2015-07-19,0.0,35.0,17.2,3.3,sun,July,2015
1296,2015-07-20,0.0,26.7,16.7,3.9,sun,July,2015
1297,2015-07-21,0.0,23.9,15.0,2.4,sun,July,2015
1298,2015-07-22,0.0,23.9,13.9,2.8,sun,July,2015
1299,2015-07-23,0.0,26.1,14.4,1.9,sun,July,2015
1300,2015-07-24,0.3,22.8,13.3,3.8,fog,July,2015
1301,2015-07-25,0.0,21.1,14.4,2.4,fog,July,2015
1302,2015-07-26,2.0,22.2,13.9,2.6,fog,July,2015
1303,2015-07-27,0.0,23.3,12.2,1.9,fog,July,2015
1304,2015-07-28,0.0,27.8,13.9,3.4,sun,July,2015
1305,2015-07-29,0.0,32.2,14.4,3.8,sun,July,2015
1306,2015-07-30,0.0,34.4,17.2,3.5,sun,July,2015
1307,2015-07-31,0.0,34.4,17.8,2.6,sun,July,2015
1308,2015-08-01,0.0,33.3,15.6,3.1,sun,August,2015
1309,2015-08-02,0.0,30.6,16.1,2.0,sun,August,2015
1310,2015-08-03,0.0,28.3,17.2,2.3,sun,August,2015
1311,2015-08-04,0.0,26.1,14.4,2.6,fog,August,2015
1312,2015-08-05,0.0,23.3,12.2,3.5,sun,August,2015
1313,2015-08-06,0.0,25.0,15.0,2.9,sun,August,2015
1314,2015-08-07,0.0,28.3,15.6,3.7,sun,August,2015
1315,2015-08-08,0.0,25.0,15.6,3.6,fog,August,2015
1316,2015-08-09,0.0,28.3,15.0,2.2,sun,August,2015
1317,2015-08-10,0.0,28.9,16.1,2.4,sun,August,2015
1318,2015-08-11,0.0,30.0,16.7,4.4,sun,August,2015
1319,2015-08-12,7.6,28.3,16.7,2.7,rain,August,2015
1320,2015-08-13,0.0,28.3,15.6,2.2,sun,August,2015
1321,2015-08-14,30.5,18.3,15.0,5.2,rain,August,2015
1322,2015-08-15,0.0,21.7,13.9,3.7,sun,August,2015
1323,2015-08-16,0.0,25.0,14.4,3.7,sun,August,2015
1324,2015-08-17,0.0,27.2,13.9,3.0,sun,August,2015
1325,2015-08-18,0.0,30.0,15.0,3.0,sun,August,2015
1326,2015-08-19,0.0,31.7,16.1,2.1,drizzle,August,2015
1327,2015-08-20,2.0,22.8,14.4,4.2,fog,August,2015
1328,2015-08-21,0.0,22.2,14.4,2.6,sun,August,2015
1329,2015-08-22,0.0,26.7,12.2,2.5,drizzle,August,2015
1330,2015-08-23,0.0,27.8,13.9,1.8,drizzle,August,2015
1331,2015-08-24,0.0,23.9,12.2,2.3,sun,August,2015
1332,2015-08-25,0.0,25.6,12.2,3.4,sun,August,2015
1333,2015-08-26,0.0,28.3,13.9,1.7,sun,August,2015
1334,2015-08-27,0.0,29.4,14.4,2.1,sun,August,2015
1335,2015-08-28,0.5,23.3,15.6,2.6,fog,August,2015
1336,2015-08-29,32.5,22.2,13.3,5.8,fog,August,2015
1337,2015-08-30,10.2,20.0,12.8,4.7,fog,August,2015
1338,2015-08-31,0.0,18.9,16.1,5.8,sun,August,2015
1339,2015-09-01,5.8,19.4,13.9,5.0,fog,September,2015
1340,2015-09-02,0.0,19.4,11.1,3.8,sun,September,2015
1341,2015-09-03,0.0,18.3,10.6,2.9,sun,September,2015
1342,2015-09-04,0.0,18.3,10.0,2.9,sun,September,2015
1343,2015-09-05,0.3,20.6,8.9,3.5,sun,September,2015
1344,2015-09-06,5.3,16.1,11.7,2.4,fog,September,2015
1345,2015-09-07,0.3,21.1,13.3,1.5,fog,September,2015
1346,2015-09-08,0.0,22.8,13.3,2.4,sun,September,2015
1347,2015-09-09,0.0,24.4,13.9,3.3,sun,September,2015
1348,2015-09-10,0.0,25.0,14.4,3.6,fog,September,2015
1349,2015-09-11,0.0,27.2,15.0,3.1,sun,September,2015
1350,2015-09-12,0.0,26.7,14.4,2.1,sun,September,2015
1351,2015-09-13,0.5,20.6,12.8,3.0,fog,September,2015
1352,2015-09-14,0.0,16.7,10.6,3.4,sun,September,2015
1353,2015-09-15,0.0,17.8,10.0,2.8,sun,September,2015
1354,2015-09-16,1.0,20.0,10.0,1.9,sun,September,2015
1355,2015-09-17,1.8,18.3,12.8,3.8,fog,September,2015
1356,2015-09-18,0.0,19.4,12.8,2.6,sun,September,2015
1357,2015-09-19,0.0,21.1,14.4,4.3,sun,September,2015
1358,2015-09-20,4.1,22.8,12.2,6.8,fog,September,2015
1359,2015-09-21,0.0,18.3,9.4,2.7,fog,September,2015
1360,2015-09-22,0.0,18.9,7.8,2.0,sun,September,2015
1361,2015-09-23,0.0,20.6,8.3,1.8,sun,September,2015
1362,2015-09-24,0.0,22.2,11.1,2.5,fog,September,2015
1363,2015-09-25,2.0,15.6,12.8,2.6,fog,September,2015
1364,2015-09-26,0.0,18.3,10.0,2.7,sun,September,2015
1365,2015-09-27,0.0,17.8,7.2,3.8,sun,September,2015
1366,2015-09-28,0.0,21.1,9.4,5.1,sun,September,2015
1367,2015-09-29,0.0,21.7,8.9,1.9,sun,September,2015
1368,2015-09-30,0.0,18.3,10.0,1.3,fog,September,2015
1369,2015-10-01,0.0,21.1,9.4,1.3,fog,October,2015
1370,2015-10-02,0.0,15.6,10.0,2.9,fog,October,2015
1371,2015-10-03,0.0,19.4,11.1,4.8,sun,October,2015
1372,2015-10-04,0.0,22.8,10.0,3.7,sun,October,2015
1373,2015-10-05,0.0,23.3,9.4,1.6,sun,October,2015
1374,2015-10-06,0.0,18.3,10.0,2.6,drizzle,October,2015
1375,2015-10-07,9.9,16.1,13.9,2.2,fog,October,2015
1376,2015-10-08,0.0,18.9,13.3,1.1,fog,October,2015
1377,2015-10-09,0.3,19.4,12.2,2.6,fog,October,2015
1378,2015-10-10,28.7,21.1,13.3,4.7,fog,October,2015
1379,2015-10-11,0.0,17.8,10.6,2.6,sun,October,2015
1380,2015-10-12,4.6,18.3,10.6,2.8,fog,October,2015
1381,2015-10-13,1.3,16.7,9.4,3.2,fog,October,2015
1382,2015-10-14,0.0,15.0,10.0,5.0,fog,October,2015
1383,2015-10-15,0.0,21.1,9.4,3.4,fog,October,2015
1384,2015-10-16,0.0,20.0,8.9,1.3,sun,October,2015
1385,2015-10-17,0.3,19.4,11.7,1.3,fog,October,2015
1386,2015-10-18,3.8,15.0,12.8,2.0,fog,October,2015
1387,2015-10-19,0.3,17.2,12.2,2.6,fog,October,2015
1388,2015-10-20,0.0,17.8,10.6,1.8,fog,October,2015
1389,2015-10-21,0.0,16.1,8.3,1.3,fog,October,2015
1390,2015-10-22,0.0,16.1,8.9,2.7,fog,October,2015
1391,2015-10-23,0.0,12.8,7.2,2.6,fog,October,2015
1392,2015-10-24,0.0,15.0,8.9,2.9,fog,October,2015
1393,2015-10-25,8.9,19.4,8.9,3.4,rain,October,2015
1394,2015-10-26,6.9,12.2,10.0,4.6,fog,October,2015
1395,2015-10-27,0.0,16.1,7.8,1.7,fog,October,2015
1396,2015-10-28,3.3,13.9,11.1,2.8,fog,October,2015
1397,2015-10-29,1.8,15.0,12.2,4.7,fog,October,2015
1398,2015-10-30,19.3,17.2,11.7,6.7,fog,October,2015
1399,2015-10-31,33.0,15.6,11.7,7.2,fog,October,2015
1400,2015-11-01,26.2,12.2,8.9,6.0,fog,November,2015
1401,2015-11-02,0.3,11.1,7.2,2.8,fog,November,2015
1402,2015-11-03,0.8,10.6,5.0,1.4,fog,November,2015
1403,2015-11-04,0.0,10.0,3.3,2.2,sun,November,2015
1404,2015-11-05,1.3,11.7,7.8,2.3,fog,November,2015
1405,2015-11-06,0.0,15.6,8.3,2.7,fog,November,2015
1406,2015-11-07,12.7,12.2,9.4,3.0,fog,November,2015
1407,2015-11-08,6.6,11.1,7.8,1.8,fog,November,2015
1408,2015-11-09,3.3,10.0,5.0,1.3,fog,November,2015
1409,2015-11-10,1.3,11.1,3.9,3.9,fog,November,2015
1410,2015-11-11,1.5,11.1,6.1,4.6,sun,November,2015
1411,2015-11-12,9.9,11.1,5.0,5.1,fog,November,2015
1412,2015-11-13,33.5,13.3,9.4,6.5,fog,November,2015
1413,2015-11-14,47.2,9.4,6.1,4.5,fog,November,2015
1414,2015-11-15,22.4,8.9,2.2,4.1,fog,November,2015
1415,2015-11-16,2.0,8.9,1.7,4.0,fog,November,2015
1416,2015-11-17,29.5,13.3,6.7,8.0,fog,November,2015
1417,2015-11-18,1.5,8.9,3.3,3.8,sun,November,2015
1418,2015-11-19,2.0,8.9,2.8,4.2,sun,November,2015
1419,2015-11-20,0.0,8.3,0.6,4.0,fog,November,2015
1420,2015-11-21,0.0,8.9,0.6,4.7,sun,November,2015
1421,2015-11-22,0.0,10.0,1.7,3.1,fog,November,2015
1422,2015-11-23,3.0,6.7,0.0,1.3,fog,November,2015
1423,2015-11-24,7.1,6.7,2.8,4.5,fog,November,2015
1424,2015-11-25,0.0,7.2,0.0,5.7,sun,November,2015
1425,2015-11-26,0.0,9.4,-1.0,4.3,sun,November,2015
1426,2015-11-27,0.0,9.4,-1.6,3.0,sun,November,2015
1427,2015-11-28,0.0,7.2,-2.7,1.0,sun,November,2015
1428,2015-11-29,0.0,1.7,-2.1,0.9,fog,November,2015
1429,2015-11-30,0.5,5.6,-3.8,1.7,fog,November,2015
1430,2015-12-01,12.2,10.0,3.9,3.5,fog,December,2015
1431,2015-12-02,2.5,10.6,4.4,5.0,fog,December,2015
1432,2015-12-03,12.7,15.6,7.8,5.9,fog,December,2015
1433,2015-12-04,2.0,10.6,6.1,4.7,fog,December,2015
1434,2015-12-05,15.7,10.0,6.1,4.0,fog,December,2015
1435,2015-12-06,11.2,12.8,7.2,5.9,fog,December,2015
1436,2015-12-07,27.4,11.1,8.3,3.4,fog,December,2015
1437,2015-12-08,54.1,15.6,10.0,6.2,fog,December,2015
1438,2015-12-09,13.5,12.2,7.8,6.3,fog,December,2015
1439,2015-12-10,9.4,11.7,6.1,7.5,fog,December,2015
1440,2015-12-11,0.3,9.4,4.4,2.8,sun,December,2015
1441,2015-12-12,16.0,8.9,5.6,5.6,fog,December,2015
1442,2015-12-13,1.3,7.8,6.1,6.1,sun,December,2015
1443,2015-12-14,0.0,7.8,1.7,1.7,sun,December,2015
1444,2015-12-15,1.5,6.7,1.1,2.9,fog,December,2015
1445,2015-12-16,3.6,6.1,2.8,2.3,fog,December,2015
1446,2015-12-17,21.8,6.7,3.9,6.0,fog,December,2015
1447,2015-12-18,18.5,8.9,4.4,5.1,fog,December,2015
1448,2015-12-19,0.0,8.3,2.8,4.1,fog,December,2015
1449,2015-12-20,4.3,7.8,4.4,6.7,fog,December,2015
1450,2015-12-21,27.4,5.6,2.8,4.3,fog,December,2015
1451,2015-12-22,4.6,7.8,2.8,5.0,fog,December,2015
1452,2015-12-23,6.1,5.0,2.8,7.6,fog,December,2015
1453,2015-12-24,2.5,5.6,2.2,4.3,fog,December,2015
1454,2015-12-25,5.8,5.0,2.2,1.5,fog,December,2015
1455,2015-12-26,0.0,4.4,0.0,2.5,sun,December,2015
1456,2015-12-27,8.6,4.4,1.7,2.9,fog,December,2015
1457,2015-12-28,1.5,5.0,1.7,1.3,fog,December,2015
1458,2015-12-29,0.0,7.2,0.6,2.6,fog,December,2015
1459,2015-12-30,0.0,5.6,-1.0,3.4,sun,December,2015
1460,2015-12-31,0.0,5.6,-2.1,3.5,sun,December,2015
